Prolific ID,subjID,delay_sooner,amount_sooner,delay_later,amount_later,Resp=1 + Now,Resp=2 + Now,choice
5db6ff8c7f9e6b000dd24a19,102,0,11,5,25,FALSE,FALSE,1
5db6ff8c7f9e6b000dd24a19,102,0,11,11,30,FALSE,FALSE,1
5db6ff8c7f9e6b000dd24a19,102,0,12,38,30,FALSE,FALSE,1
5db6ff8c7f9e6b000dd24a19,102,0,12,76,35,FALSE,TRUE,0
5db6ff8c7f9e6b000dd24a19,102,0,16,113,25,TRUE,FALSE,0
5db6ff8c7f9e6b000dd24a19,102,0,16,70,25,TRUE,FALSE,0
5db6ff8c7f9e6b000dd24a19,102,0,18,67,30,TRUE,FALSE,0
5db6ff8c7f9e6b000dd24a19,102,0,19,20,25,FALSE,TRUE,0
5db6ff8c7f9e6b000dd24a19,102,0,21,171,30,FALSE,TRUE,0
5db6ff8c7f9e6b000dd24a19,102,0,25,4,35,FALSE,TRUE,0
5db6ff8c7f9e6b000dd24a19,102,0,30,3,35,FALSE,TRUE,0
5db6ff8c7f9e6b000dd24a19,102,0,32,59,35,TRUE,FALSE,0
5db6ff8c7f9e6b000dd24a19,102,0,30,42,35,TRUE,FALSE,0
5db6ff8c7f9e6b000dd24a19,102,0,15,158,30,FALSE,TRUE,0
5db6ff8c7f9e6b000dd24a19,102,0,31,129,35,TRUE,FALSE,0
5db6ff8c7f9e6b000dd24a19,102,0,13,27,35,TRUE,FALSE,0
5db6ff8c7f9e6b000dd24a19,102,0,17,9,25,FALSE,TRUE,0
5d017f2466581d001a9059dc,103,0,11,5,25,FALSE,FALSE,1
5d017f2466581d001a9059dc,103,0,11,11,30,FALSE,FALSE,1
5d017f2466581d001a9059dc,103,0,12,38,30,FALSE,FALSE,1
5d017f2466581d001a9059dc,103,0,12,76,35,FALSE,TRUE,0
5d017f2466581d001a9059dc,103,0,16,113,25,TRUE,FALSE,0
5d017f2466581d001a9059dc,103,0,16,70,25,FALSE,FALSE,1
5d017f2466581d001a9059dc,103,0,18,67,30,FALSE,FALSE,1
5d017f2466581d001a9059dc,103,0,19,20,25,FALSE,FALSE,1
5d017f2466581d001a9059dc,103,0,21,171,30,FALSE,TRUE,0
5d017f2466581d001a9059dc,103,0,25,4,35,FALSE,FALSE,1
5d017f2466581d001a9059dc,103,0,30,3,35,FALSE,FALSE,1
5d017f2466581d001a9059dc,103,0,32,59,35,TRUE,FALSE,0
5d017f2466581d001a9059dc,103,0,30,42,35,TRUE,FALSE,0
5d017f2466581d001a9059dc,103,0,15,158,30,FALSE,TRUE,0
5d017f2466581d001a9059dc,103,0,31,129,35,TRUE,FALSE,0
5d017f2466581d001a9059dc,103,0,13,27,35,TRUE,FALSE,0
5d017f2466581d001a9059dc,103,0,17,9,25,FALSE,FALSE,1
5d91a9eb19993e0019a9f77e,104,0,11,5,25,FALSE,FALSE,1
5d91a9eb19993e0019a9f77e,104,0,11,11,30,FALSE,FALSE,1
5d91a9eb19993e0019a9f77e,104,0,12,38,30,TRUE,FALSE,0
5d91a9eb19993e0019a9f77e,104,0,12,76,35,FALSE,TRUE,0
5d91a9eb19993e0019a9f77e,104,0,16,113,25,TRUE,FALSE,0
5d91a9eb19993e0019a9f77e,104,0,16,70,25,FALSE,FALSE,1
5d91a9eb19993e0019a9f77e,104,0,18,67,30,FALSE,FALSE,1
5d91a9eb19993e0019a9f77e,104,0,19,20,25,FALSE,FALSE,1
5d91a9eb19993e0019a9f77e,104,0,21,171,30,FALSE,FALSE,1
5d91a9eb19993e0019a9f77e,104,0,25,4,35,FALSE,FALSE,1
5d91a9eb19993e0019a9f77e,104,0,30,3,35,FALSE,FALSE,1
5d91a9eb19993e0019a9f77e,104,0,32,59,35,TRUE,FALSE,0
5d91a9eb19993e0019a9f77e,104,0,30,42,35,TRUE,FALSE,0
5d91a9eb19993e0019a9f77e,104,0,15,158,30,FALSE,FALSE,1
5d91a9eb19993e0019a9f77e,104,0,31,129,35,FALSE,FALSE,1
5d91a9eb19993e0019a9f77e,104,0,13,27,35,FALSE,FALSE,1
5d91a9eb19993e0019a9f77e,104,0,17,9,25,FALSE,FALSE,1
5d634b27e5f92f0017196a3f,105,0,11,5,25,FALSE,FALSE,1
5d634b27e5f92f0017196a3f,105,0,11,11,30,FALSE,FALSE,1
5d634b27e5f92f0017196a3f,105,0,12,38,30,FALSE,FALSE,1
5d634b27e5f92f0017196a3f,105,0,12,76,35,FALSE,FALSE,1
5d634b27e5f92f0017196a3f,105,0,16,113,25,TRUE,FALSE,0
5d634b27e5f92f0017196a3f,105,0,16,70,25,TRUE,FALSE,0
5d634b27e5f92f0017196a3f,105,0,18,67,30,FALSE,FALSE,1
5d634b27e5f92f0017196a3f,105,0,19,20,25,FALSE,FALSE,1
5d634b27e5f92f0017196a3f,105,0,21,171,30,FALSE,TRUE,0
5d634b27e5f92f0017196a3f,105,0,25,4,35,FALSE,FALSE,1
5d634b27e5f92f0017196a3f,105,0,30,3,35,FALSE,FALSE,1
5d634b27e5f92f0017196a3f,105,0,32,59,35,TRUE,FALSE,0
5d634b27e5f92f0017196a3f,105,0,30,42,35,TRUE,FALSE,0
5d634b27e5f92f0017196a3f,105,0,15,158,30,FALSE,TRUE,0
5d634b27e5f92f0017196a3f,105,0,31,129,35,TRUE,FALSE,0
5d634b27e5f92f0017196a3f,105,0,13,27,35,FALSE,FALSE,1
5d634b27e5f92f0017196a3f,105,0,17,9,25,FALSE,FALSE,1
5dbbb58c03a8561923e97d90,106,0,11,5,25,FALSE,FALSE,1
5dbbb58c03a8561923e97d90,106,0,11,11,30,FALSE,FALSE,1
5dbbb58c03a8561923e97d90,106,0,12,38,30,FALSE,FALSE,1
5dbbb58c03a8561923e97d90,106,0,12,76,35,FALSE,FALSE,1
5dbbb58c03a8561923e97d90,106,0,16,113,25,TRUE,FALSE,0
5dbbb58c03a8561923e97d90,106,0,16,70,25,TRUE,FALSE,0
5dbbb58c03a8561923e97d90,106,0,18,67,30,TRUE,FALSE,0
5dbbb58c03a8561923e97d90,106,0,19,20,25,FALSE,TRUE,0
5dbbb58c03a8561923e97d90,106,0,21,171,30,FALSE,TRUE,0
5dbbb58c03a8561923e97d90,106,0,25,4,35,FALSE,FALSE,1
5dbbb58c03a8561923e97d90,106,0,30,3,35,FALSE,FALSE,1
5dbbb58c03a8561923e97d90,106,0,32,59,35,TRUE,FALSE,0
5dbbb58c03a8561923e97d90,106,0,30,42,35,TRUE,FALSE,0
5dbbb58c03a8561923e97d90,106,0,15,158,30,FALSE,TRUE,0
5dbbb58c03a8561923e97d90,106,0,31,129,35,TRUE,FALSE,0
5dbbb58c03a8561923e97d90,106,0,13,27,35,FALSE,FALSE,1
5dbbb58c03a8561923e97d90,106,0,17,9,25,FALSE,FALSE,1
5bcb6b6d0f10750001d79240,107,0,11,5,25,FALSE,FALSE,1
5bcb6b6d0f10750001d79240,107,0,11,11,30,FALSE,FALSE,1
5bcb6b6d0f10750001d79240,107,0,12,38,30,FALSE,FALSE,1
5bcb6b6d0f10750001d79240,107,0,12,76,35,FALSE,FALSE,1
5bcb6b6d0f10750001d79240,107,0,16,113,25,FALSE,FALSE,1
5bcb6b6d0f10750001d79240,107,0,16,70,25,FALSE,FALSE,1
5bcb6b6d0f10750001d79240,107,0,18,67,30,FALSE,FALSE,1
5bcb6b6d0f10750001d79240,107,0,19,20,25,FALSE,FALSE,1
5bcb6b6d0f10750001d79240,107,0,21,171,30,FALSE,TRUE,0
5bcb6b6d0f10750001d79240,107,0,25,4,35,FALSE,FALSE,1
5bcb6b6d0f10750001d79240,107,0,30,3,35,FALSE,FALSE,1
5bcb6b6d0f10750001d79240,107,0,32,59,35,TRUE,FALSE,0
5bcb6b6d0f10750001d79240,107,0,30,42,35,FALSE,FALSE,1
5bcb6b6d0f10750001d79240,107,0,15,158,30,FALSE,FALSE,1
5bcb6b6d0f10750001d79240,107,0,31,129,35,TRUE,FALSE,0
5bcb6b6d0f10750001d79240,107,0,13,27,35,FALSE,FALSE,1
5bcb6b6d0f10750001d79240,107,0,17,9,25,FALSE,FALSE,1
5b4ccba2e893120001247e9e,108,0,11,5,25,FALSE,FALSE,1
5b4ccba2e893120001247e9e,108,0,11,11,30,FALSE,FALSE,1
5b4ccba2e893120001247e9e,108,0,12,38,30,FALSE,FALSE,1
5b4ccba2e893120001247e9e,108,0,12,76,35,FALSE,TRUE,0
5b4ccba2e893120001247e9e,108,0,16,113,25,TRUE,FALSE,0
5b4ccba2e893120001247e9e,108,0,16,70,25,TRUE,FALSE,0
5b4ccba2e893120001247e9e,108,0,18,67,30,TRUE,FALSE,0
5b4ccba2e893120001247e9e,108,0,19,20,25,FALSE,TRUE,0
5b4ccba2e893120001247e9e,108,0,21,171,30,FALSE,TRUE,0
5b4ccba2e893120001247e9e,108,0,25,4,35,FALSE,FALSE,1
5b4ccba2e893120001247e9e,108,0,30,3,35,FALSE,FALSE,1
5b4ccba2e893120001247e9e,108,0,32,59,35,TRUE,FALSE,0
5b4ccba2e893120001247e9e,108,0,30,42,35,TRUE,FALSE,0
5b4ccba2e893120001247e9e,108,0,15,158,30,FALSE,TRUE,0
5b4ccba2e893120001247e9e,108,0,31,129,35,TRUE,FALSE,0
5b4ccba2e893120001247e9e,108,0,13,27,35,FALSE,FALSE,1
5b4ccba2e893120001247e9e,108,0,17,9,25,FALSE,FALSE,1
5d8d12f6d88e3a00142c9751,109,0,11,5,25,FALSE,TRUE,0
5d8d12f6d88e3a00142c9751,109,0,11,11,30,FALSE,TRUE,0
5d8d12f6d88e3a00142c9751,109,0,12,38,30,TRUE,FALSE,0
5d8d12f6d88e3a00142c9751,109,0,12,76,35,FALSE,TRUE,0
5d8d12f6d88e3a00142c9751,109,0,16,113,25,TRUE,FALSE,0
5d8d12f6d88e3a00142c9751,109,0,16,70,25,TRUE,FALSE,0
5d8d12f6d88e3a00142c9751,109,0,18,67,30,TRUE,FALSE,0
5d8d12f6d88e3a00142c9751,109,0,19,20,25,FALSE,TRUE,0
5d8d12f6d88e3a00142c9751,109,0,21,171,30,FALSE,TRUE,0
5d8d12f6d88e3a00142c9751,109,0,25,4,35,FALSE,TRUE,0
5d8d12f6d88e3a00142c9751,109,0,30,3,35,FALSE,TRUE,0
5d8d12f6d88e3a00142c9751,109,0,32,59,35,TRUE,FALSE,0
5d8d12f6d88e3a00142c9751,109,0,30,42,35,TRUE,FALSE,0
5d8d12f6d88e3a00142c9751,109,0,15,158,30,FALSE,TRUE,0
5d8d12f6d88e3a00142c9751,109,0,31,129,35,TRUE,FALSE,0
5d8d12f6d88e3a00142c9751,109,0,13,27,35,TRUE,FALSE,0
5d8d12f6d88e3a00142c9751,109,0,17,9,25,FALSE,TRUE,0
5c71bdec87f8cd0001b458f5,111,0,11,5,25,FALSE,FALSE,1
5c71bdec87f8cd0001b458f5,111,0,11,11,30,FALSE,FALSE,1
5c71bdec87f8cd0001b458f5,111,0,12,38,30,FALSE,FALSE,1
5c71bdec87f8cd0001b458f5,111,0,12,76,35,FALSE,FALSE,1
5c71bdec87f8cd0001b458f5,111,0,16,113,25,TRUE,FALSE,0
5c71bdec87f8cd0001b458f5,111,0,16,70,25,TRUE,FALSE,0
5c71bdec87f8cd0001b458f5,111,0,18,67,30,FALSE,FALSE,1
5c71bdec87f8cd0001b458f5,111,0,19,20,25,FALSE,TRUE,0
5c71bdec87f8cd0001b458f5,111,0,21,171,30,FALSE,TRUE,0
5c71bdec87f8cd0001b458f5,111,0,25,4,35,FALSE,FALSE,1
5c71bdec87f8cd0001b458f5,111,0,30,3,35,FALSE,FALSE,1
5c71bdec87f8cd0001b458f5,111,0,32,59,35,TRUE,FALSE,0
5c71bdec87f8cd0001b458f5,111,0,30,42,35,TRUE,FALSE,0
5c71bdec87f8cd0001b458f5,111,0,15,158,30,FALSE,TRUE,0
5c71bdec87f8cd0001b458f5,111,0,31,129,35,TRUE,FALSE,0
5c71bdec87f8cd0001b458f5,111,0,13,27,35,FALSE,FALSE,1
5c71bdec87f8cd0001b458f5,111,0,17,9,25,FALSE,FALSE,1
5c27b2157e42a600015bf8ef,112,0,11,5,25,FALSE,FALSE,1
5c27b2157e42a600015bf8ef,112,0,11,11,30,FALSE,FALSE,1
5c27b2157e42a600015bf8ef,112,0,12,38,30,TRUE,FALSE,0
5c27b2157e42a600015bf8ef,112,0,12,76,35,FALSE,TRUE,0
5c27b2157e42a600015bf8ef,112,0,16,113,25,TRUE,FALSE,0
5c27b2157e42a600015bf8ef,112,0,16,70,25,TRUE,FALSE,0
5c27b2157e42a600015bf8ef,112,0,18,67,30,TRUE,FALSE,0
5c27b2157e42a600015bf8ef,112,0,19,20,25,FALSE,FALSE,1
5c27b2157e42a600015bf8ef,112,0,21,171,30,FALSE,TRUE,0
5c27b2157e42a600015bf8ef,112,0,25,4,35,FALSE,FALSE,1
5c27b2157e42a600015bf8ef,112,0,30,3,35,FALSE,FALSE,1
5c27b2157e42a600015bf8ef,112,0,32,59,35,TRUE,FALSE,0
5c27b2157e42a600015bf8ef,112,0,30,42,35,TRUE,FALSE,0
5c27b2157e42a600015bf8ef,112,0,15,158,30,FALSE,TRUE,0
5c27b2157e42a600015bf8ef,112,0,31,129,35,TRUE,FALSE,0
5c27b2157e42a600015bf8ef,112,0,13,27,35,TRUE,FALSE,0
5c27b2157e42a600015bf8ef,112,0,17,9,25,FALSE,FALSE,1
5d961525e4f8b40017833260,115,0,11,5,25,FALSE,FALSE,1
5d961525e4f8b40017833260,115,0,11,11,30,FALSE,TRUE,0
5d961525e4f8b40017833260,115,0,12,38,30,TRUE,FALSE,0
5d961525e4f8b40017833260,115,0,12,76,35,FALSE,TRUE,0
5d961525e4f8b40017833260,115,0,16,113,25,TRUE,FALSE,0
5d961525e4f8b40017833260,115,0,16,70,25,TRUE,FALSE,0
5d961525e4f8b40017833260,115,0,18,67,30,TRUE,FALSE,0
5d961525e4f8b40017833260,115,0,19,20,25,FALSE,TRUE,0
5d961525e4f8b40017833260,115,0,21,171,30,FALSE,TRUE,0
5d961525e4f8b40017833260,115,0,25,4,35,FALSE,TRUE,0
5d961525e4f8b40017833260,115,0,30,3,35,FALSE,TRUE,0
5d961525e4f8b40017833260,115,0,32,59,35,FALSE,FALSE,1
5d961525e4f8b40017833260,115,0,30,42,35,TRUE,FALSE,0
5d961525e4f8b40017833260,115,0,15,158,30,FALSE,TRUE,0
5d961525e4f8b40017833260,115,0,31,129,35,TRUE,FALSE,0
5d961525e4f8b40017833260,115,0,13,27,35,FALSE,FALSE,1
5d961525e4f8b40017833260,115,0,17,9,25,FALSE,TRUE,0
5a5c23afe0cf3d0001268781,116,0,11,5,25,FALSE,FALSE,1
5a5c23afe0cf3d0001268781,116,0,11,11,30,FALSE,FALSE,1
5a5c23afe0cf3d0001268781,116,0,12,38,30,FALSE,FALSE,1
5a5c23afe0cf3d0001268781,116,0,12,76,35,FALSE,TRUE,0
5a5c23afe0cf3d0001268781,116,0,16,113,25,TRUE,FALSE,0
5a5c23afe0cf3d0001268781,116,0,16,70,25,TRUE,FALSE,0
5a5c23afe0cf3d0001268781,116,0,18,67,30,TRUE,FALSE,0
5a5c23afe0cf3d0001268781,116,0,19,20,25,FALSE,FALSE,1
5a5c23afe0cf3d0001268781,116,0,21,171,30,FALSE,TRUE,0
5a5c23afe0cf3d0001268781,116,0,25,4,35,FALSE,FALSE,1
5a5c23afe0cf3d0001268781,116,0,30,3,35,FALSE,FALSE,1
5a5c23afe0cf3d0001268781,116,0,32,59,35,TRUE,FALSE,0
5a5c23afe0cf3d0001268781,116,0,30,42,35,TRUE,FALSE,0
5a5c23afe0cf3d0001268781,116,0,15,158,30,FALSE,TRUE,0
5a5c23afe0cf3d0001268781,116,0,31,129,35,TRUE,FALSE,0
5a5c23afe0cf3d0001268781,116,0,13,27,35,FALSE,FALSE,1
5a5c23afe0cf3d0001268781,116,0,17,9,25,FALSE,FALSE,1
5d864d6a4a57c90016be4809,117,0,11,5,25,FALSE,FALSE,1
5d864d6a4a57c90016be4809,117,0,11,11,30,FALSE,FALSE,1
5d864d6a4a57c90016be4809,117,0,12,38,30,FALSE,FALSE,1
5d864d6a4a57c90016be4809,117,0,12,76,35,FALSE,TRUE,0
5d864d6a4a57c90016be4809,117,0,16,113,25,TRUE,FALSE,0
5d864d6a4a57c90016be4809,117,0,16,70,25,TRUE,FALSE,0
5d864d6a4a57c90016be4809,117,0,18,67,30,TRUE,FALSE,0
5d864d6a4a57c90016be4809,117,0,19,20,25,FALSE,TRUE,0
5d864d6a4a57c90016be4809,117,0,21,171,30,FALSE,TRUE,0
5d864d6a4a57c90016be4809,117,0,25,4,35,FALSE,TRUE,0
5d864d6a4a57c90016be4809,117,0,30,3,35,FALSE,FALSE,1
5d864d6a4a57c90016be4809,117,0,32,59,35,TRUE,FALSE,0
5d864d6a4a57c90016be4809,117,0,30,42,35,TRUE,FALSE,0
5d864d6a4a57c90016be4809,117,0,15,158,30,FALSE,TRUE,0
5d864d6a4a57c90016be4809,117,0,31,129,35,TRUE,FALSE,0
5d864d6a4a57c90016be4809,117,0,13,27,35,FALSE,FALSE,1
5d864d6a4a57c90016be4809,117,0,17,9,25,FALSE,FALSE,1
56e076de907c12000be3ac99,118,0,11,5,25,FALSE,FALSE,1
56e076de907c12000be3ac99,118,0,11,11,30,FALSE,FALSE,1
56e076de907c12000be3ac99,118,0,12,38,30,TRUE,FALSE,0
56e076de907c12000be3ac99,118,0,12,76,35,FALSE,TRUE,0
56e076de907c12000be3ac99,118,0,16,113,25,TRUE,FALSE,0
56e076de907c12000be3ac99,118,0,16,70,25,TRUE,FALSE,0
56e076de907c12000be3ac99,118,0,18,67,30,TRUE,FALSE,0
56e076de907c12000be3ac99,118,0,19,20,25,FALSE,TRUE,0
56e076de907c12000be3ac99,118,0,21,171,30,FALSE,TRUE,0
56e076de907c12000be3ac99,118,0,25,4,35,FALSE,TRUE,0
56e076de907c12000be3ac99,118,0,30,3,35,FALSE,TRUE,0
56e076de907c12000be3ac99,118,0,32,59,35,TRUE,FALSE,0
56e076de907c12000be3ac99,118,0,30,42,35,TRUE,FALSE,0
56e076de907c12000be3ac99,118,0,15,158,30,FALSE,TRUE,0
56e076de907c12000be3ac99,118,0,31,129,35,TRUE,FALSE,0
56e076de907c12000be3ac99,118,0,13,27,35,TRUE,FALSE,0
56e076de907c12000be3ac99,118,0,17,9,25,FALSE,TRUE,0
5c6f459b398a230001bb0031,119,0,11,5,25,FALSE,FALSE,1
5c6f459b398a230001bb0031,119,0,11,11,30,FALSE,FALSE,1
5c6f459b398a230001bb0031,119,0,12,38,30,TRUE,FALSE,0
5c6f459b398a230001bb0031,119,0,12,76,35,FALSE,TRUE,0
5c6f459b398a230001bb0031,119,0,16,113,25,TRUE,FALSE,0
5c6f459b398a230001bb0031,119,0,16,70,25,TRUE,FALSE,0
5c6f459b398a230001bb0031,119,0,18,67,30,TRUE,FALSE,0
5c6f459b398a230001bb0031,119,0,19,20,25,FALSE,TRUE,0
5c6f459b398a230001bb0031,119,0,21,171,30,FALSE,TRUE,0
5c6f459b398a230001bb0031,119,0,25,4,35,FALSE,FALSE,1
5c6f459b398a230001bb0031,119,0,30,3,35,FALSE,FALSE,1
5c6f459b398a230001bb0031,119,0,32,59,35,TRUE,FALSE,0
5c6f459b398a230001bb0031,119,0,30,42,35,TRUE,FALSE,0
5c6f459b398a230001bb0031,119,0,15,158,30,FALSE,TRUE,0
5c6f459b398a230001bb0031,119,0,31,129,35,TRUE,FALSE,0
5c6f459b398a230001bb0031,119,0,13,27,35,TRUE,FALSE,0
5c6f459b398a230001bb0031,119,0,17,9,25,FALSE,TRUE,0
5d8a77b716a9bf0001d969aa,120,0,11,5,25,FALSE,FALSE,1
5d8a77b716a9bf0001d969aa,120,0,11,11,30,FALSE,FALSE,1
5d8a77b716a9bf0001d969aa,120,0,12,38,30,FALSE,FALSE,1
5d8a77b716a9bf0001d969aa,120,0,12,76,35,FALSE,FALSE,1
5d8a77b716a9bf0001d969aa,120,0,16,113,25,TRUE,FALSE,0
5d8a77b716a9bf0001d969aa,120,0,16,70,25,FALSE,FALSE,1
5d8a77b716a9bf0001d969aa,120,0,18,67,30,FALSE,FALSE,1
5d8a77b716a9bf0001d969aa,120,0,19,20,25,FALSE,FALSE,1
5d8a77b716a9bf0001d969aa,120,0,21,171,30,FALSE,TRUE,0
5d8a77b716a9bf0001d969aa,120,0,25,4,35,FALSE,FALSE,1
5d8a77b716a9bf0001d969aa,120,0,30,3,35,FALSE,FALSE,1
5d8a77b716a9bf0001d969aa,120,0,32,59,35,TRUE,FALSE,0
5d8a77b716a9bf0001d969aa,120,0,30,42,35,TRUE,FALSE,0
5d8a77b716a9bf0001d969aa,120,0,15,158,30,FALSE,FALSE,1
5d8a77b716a9bf0001d969aa,120,0,31,129,35,TRUE,FALSE,0
5d8a77b716a9bf0001d969aa,120,0,13,27,35,FALSE,FALSE,1
5d8a77b716a9bf0001d969aa,120,0,17,9,25,FALSE,FALSE,1
5befb6e27c387400016983bf,121,0,11,5,25,FALSE,FALSE,1
5befb6e27c387400016983bf,121,0,11,11,30,FALSE,FALSE,1
5befb6e27c387400016983bf,121,0,12,38,30,FALSE,FALSE,1
5befb6e27c387400016983bf,121,0,12,76,35,FALSE,FALSE,1
5befb6e27c387400016983bf,121,0,16,113,25,TRUE,FALSE,0
5befb6e27c387400016983bf,121,0,16,70,25,TRUE,FALSE,0
5befb6e27c387400016983bf,121,0,18,67,30,TRUE,FALSE,0
5befb6e27c387400016983bf,121,0,19,20,25,FALSE,TRUE,0
5befb6e27c387400016983bf,121,0,21,171,30,FALSE,TRUE,0
5befb6e27c387400016983bf,121,0,25,4,35,FALSE,FALSE,1
5befb6e27c387400016983bf,121,0,30,3,35,FALSE,FALSE,1
5befb6e27c387400016983bf,121,0,32,59,35,TRUE,FALSE,0
5befb6e27c387400016983bf,121,0,30,42,35,TRUE,FALSE,0
5befb6e27c387400016983bf,121,0,15,158,30,FALSE,TRUE,0
5befb6e27c387400016983bf,121,0,31,129,35,TRUE,FALSE,0
5befb6e27c387400016983bf,121,0,13,27,35,FALSE,FALSE,1
5befb6e27c387400016983bf,121,0,17,9,25,FALSE,FALSE,1
5c935d881754ba001b25697a,122,0,11,5,25,FALSE,FALSE,1
5c935d881754ba001b25697a,122,0,11,11,30,FALSE,FALSE,1
5c935d881754ba001b25697a,122,0,12,38,30,FALSE,FALSE,1
5c935d881754ba001b25697a,122,0,12,76,35,FALSE,FALSE,1
5c935d881754ba001b25697a,122,0,16,113,25,FALSE,FALSE,1
5c935d881754ba001b25697a,122,0,16,70,25,FALSE,FALSE,1
5c935d881754ba001b25697a,122,0,18,67,30,FALSE,FALSE,1
5c935d881754ba001b25697a,122,0,19,20,25,FALSE,FALSE,1
5c935d881754ba001b25697a,122,0,21,171,30,FALSE,TRUE,0
5c935d881754ba001b25697a,122,0,25,4,35,FALSE,FALSE,1
5c935d881754ba001b25697a,122,0,30,3,35,FALSE,FALSE,1
5c935d881754ba001b25697a,122,0,32,59,35,TRUE,FALSE,0
5c935d881754ba001b25697a,122,0,30,42,35,TRUE,FALSE,0
5c935d881754ba001b25697a,122,0,15,158,30,FALSE,TRUE,0
5c935d881754ba001b25697a,122,0,31,129,35,TRUE,FALSE,0
5c935d881754ba001b25697a,122,0,13,27,35,FALSE,FALSE,1
5c935d881754ba001b25697a,122,0,17,9,25,FALSE,FALSE,1
5ae2867208674000015fd204,123,0,11,5,25,FALSE,FALSE,1
5ae2867208674000015fd204,123,0,11,11,30,FALSE,TRUE,0
5ae2867208674000015fd204,123,0,12,38,30,TRUE,FALSE,0
5ae2867208674000015fd204,123,0,12,76,35,FALSE,TRUE,0
5ae2867208674000015fd204,123,0,16,113,25,TRUE,FALSE,0
5ae2867208674000015fd204,123,0,16,70,25,TRUE,FALSE,0
5ae2867208674000015fd204,123,0,18,67,30,TRUE,FALSE,0
5ae2867208674000015fd204,123,0,19,20,25,FALSE,TRUE,0
5ae2867208674000015fd204,123,0,21,171,30,FALSE,TRUE,0
5ae2867208674000015fd204,123,0,25,4,35,FALSE,FALSE,1
5ae2867208674000015fd204,123,0,30,3,35,FALSE,FALSE,1
5ae2867208674000015fd204,123,0,32,59,35,TRUE,FALSE,0
5ae2867208674000015fd204,123,0,30,42,35,TRUE,FALSE,0
5ae2867208674000015fd204,123,0,15,158,30,FALSE,TRUE,0
5ae2867208674000015fd204,123,0,31,129,35,TRUE,FALSE,0
5ae2867208674000015fd204,123,0,13,27,35,TRUE,FALSE,0
5ae2867208674000015fd204,123,0,17,9,25,FALSE,TRUE,0
5bf604c93a46830001a6d26b,124,0,11,5,25,FALSE,FALSE,1
5bf604c93a46830001a6d26b,124,0,11,11,30,FALSE,FALSE,1
5bf604c93a46830001a6d26b,124,0,12,38,30,FALSE,FALSE,1
5bf604c93a46830001a6d26b,124,0,12,76,35,FALSE,FALSE,1
5bf604c93a46830001a6d26b,124,0,16,113,25,FALSE,FALSE,1
5bf604c93a46830001a6d26b,124,0,16,70,25,FALSE,FALSE,1
5bf604c93a46830001a6d26b,124,0,18,67,30,FALSE,FALSE,1
5bf604c93a46830001a6d26b,124,0,19,20,25,FALSE,FALSE,1
5bf604c93a46830001a6d26b,124,0,21,171,30,FALSE,FALSE,1
5bf604c93a46830001a6d26b,124,0,25,4,35,FALSE,FALSE,1
5bf604c93a46830001a6d26b,124,0,30,3,35,FALSE,FALSE,1
5bf604c93a46830001a6d26b,124,0,32,59,35,TRUE,FALSE,0
5bf604c93a46830001a6d26b,124,0,30,42,35,FALSE,FALSE,1
5bf604c93a46830001a6d26b,124,0,15,158,30,FALSE,FALSE,1
5bf604c93a46830001a6d26b,124,0,31,129,35,TRUE,FALSE,0
5bf604c93a46830001a6d26b,124,0,13,27,35,FALSE,FALSE,1
5bf604c93a46830001a6d26b,124,0,17,9,25,FALSE,FALSE,1
5c5c4179ee8ba60001336bb1,125,0,11,5,25,FALSE,FALSE,1
5c5c4179ee8ba60001336bb1,125,0,11,11,30,FALSE,FALSE,1
5c5c4179ee8ba60001336bb1,125,0,12,38,30,FALSE,FALSE,1
5c5c4179ee8ba60001336bb1,125,0,12,76,35,FALSE,FALSE,1
5c5c4179ee8ba60001336bb1,125,0,16,113,25,FALSE,FALSE,1
5c5c4179ee8ba60001336bb1,125,0,16,70,25,FALSE,FALSE,1
5c5c4179ee8ba60001336bb1,125,0,18,67,30,FALSE,FALSE,1
5c5c4179ee8ba60001336bb1,125,0,19,20,25,FALSE,FALSE,1
5c5c4179ee8ba60001336bb1,125,0,21,171,30,FALSE,FALSE,1
5c5c4179ee8ba60001336bb1,125,0,25,4,35,FALSE,FALSE,1
5c5c4179ee8ba60001336bb1,125,0,30,3,35,FALSE,FALSE,1
5c5c4179ee8ba60001336bb1,125,0,32,59,35,FALSE,FALSE,1
5c5c4179ee8ba60001336bb1,125,0,30,42,35,FALSE,FALSE,1
5c5c4179ee8ba60001336bb1,125,0,15,158,30,FALSE,FALSE,1
5c5c4179ee8ba60001336bb1,125,0,31,129,35,FALSE,FALSE,1
5c5c4179ee8ba60001336bb1,125,0,13,27,35,FALSE,FALSE,1
5c5c4179ee8ba60001336bb1,125,0,17,9,25,FALSE,FALSE,1
5b15d20c444cef0001cb1153,126,0,11,5,25,FALSE,TRUE,0
5b15d20c444cef0001cb1153,126,0,11,11,30,FALSE,TRUE,0
5b15d20c444cef0001cb1153,126,0,12,38,30,TRUE,FALSE,0
5b15d20c444cef0001cb1153,126,0,12,76,35,FALSE,TRUE,0
5b15d20c444cef0001cb1153,126,0,16,113,25,TRUE,FALSE,0
5b15d20c444cef0001cb1153,126,0,16,70,25,TRUE,FALSE,0
5b15d20c444cef0001cb1153,126,0,18,67,30,TRUE,FALSE,0
5b15d20c444cef0001cb1153,126,0,19,20,25,FALSE,TRUE,0
5b15d20c444cef0001cb1153,126,0,21,171,30,FALSE,TRUE,0
5b15d20c444cef0001cb1153,126,0,25,4,35,FALSE,TRUE,0
5b15d20c444cef0001cb1153,126,0,30,3,35,FALSE,TRUE,0
5b15d20c444cef0001cb1153,126,0,32,59,35,TRUE,FALSE,0
5b15d20c444cef0001cb1153,126,0,30,42,35,TRUE,FALSE,0
5b15d20c444cef0001cb1153,126,0,15,158,30,FALSE,TRUE,0
5b15d20c444cef0001cb1153,126,0,31,129,35,TRUE,FALSE,0
5b15d20c444cef0001cb1153,126,0,13,27,35,TRUE,FALSE,0
5b15d20c444cef0001cb1153,126,0,17,9,25,FALSE,TRUE,0
5c82a8cdfff8430015e9942f,127,0,11,5,25,FALSE,FALSE,1
5c82a8cdfff8430015e9942f,127,0,11,11,30,FALSE,FALSE,1
5c82a8cdfff8430015e9942f,127,0,12,38,30,FALSE,FALSE,1
5c82a8cdfff8430015e9942f,127,0,12,76,35,FALSE,TRUE,0
5c82a8cdfff8430015e9942f,127,0,16,113,25,TRUE,FALSE,0
5c82a8cdfff8430015e9942f,127,0,16,70,25,TRUE,FALSE,0
5c82a8cdfff8430015e9942f,127,0,18,67,30,FALSE,FALSE,1
5c82a8cdfff8430015e9942f,127,0,19,20,25,FALSE,FALSE,1
5c82a8cdfff8430015e9942f,127,0,21,171,30,FALSE,TRUE,0
5c82a8cdfff8430015e9942f,127,0,25,4,35,FALSE,FALSE,1
5c82a8cdfff8430015e9942f,127,0,30,3,35,FALSE,FALSE,1
5c82a8cdfff8430015e9942f,127,0,32,59,35,TRUE,FALSE,0
5c82a8cdfff8430015e9942f,127,0,30,42,35,TRUE,FALSE,0
5c82a8cdfff8430015e9942f,127,0,15,158,30,FALSE,TRUE,0
5c82a8cdfff8430015e9942f,127,0,31,129,35,TRUE,FALSE,0
5c82a8cdfff8430015e9942f,127,0,13,27,35,FALSE,FALSE,1
5c82a8cdfff8430015e9942f,127,0,17,9,25,FALSE,FALSE,1
5d384f7d3e880c00016d9080,128,0,11,5,25,FALSE,FALSE,1
5d384f7d3e880c00016d9080,128,0,11,11,30,FALSE,FALSE,1
5d384f7d3e880c00016d9080,128,0,12,38,30,FALSE,FALSE,1
5d384f7d3e880c00016d9080,128,0,12,76,35,FALSE,FALSE,1
5d384f7d3e880c00016d9080,128,0,16,113,25,TRUE,FALSE,0
5d384f7d3e880c00016d9080,128,0,16,70,25,TRUE,FALSE,0
5d384f7d3e880c00016d9080,128,0,18,67,30,TRUE,FALSE,0
5d384f7d3e880c00016d9080,128,0,19,20,25,FALSE,FALSE,1
5d384f7d3e880c00016d9080,128,0,21,171,30,FALSE,TRUE,0
5d384f7d3e880c00016d9080,128,0,25,4,35,FALSE,FALSE,1
5d384f7d3e880c00016d9080,128,0,30,3,35,FALSE,FALSE,1
5d384f7d3e880c00016d9080,128,0,32,59,35,TRUE,FALSE,0
5d384f7d3e880c00016d9080,128,0,30,42,35,TRUE,FALSE,0
5d384f7d3e880c00016d9080,128,0,15,158,30,FALSE,TRUE,0
5d384f7d3e880c00016d9080,128,0,31,129,35,TRUE,FALSE,0
5d384f7d3e880c00016d9080,128,0,13,27,35,FALSE,FALSE,1
5d384f7d3e880c00016d9080,128,0,17,9,25,FALSE,FALSE,1
5c05ff644c14cf00019db0a9,129,0,11,5,25,FALSE,FALSE,1
5c05ff644c14cf00019db0a9,129,0,11,11,30,FALSE,FALSE,1
5c05ff644c14cf00019db0a9,129,0,12,38,30,TRUE,FALSE,0
5c05ff644c14cf00019db0a9,129,0,12,76,35,FALSE,TRUE,0
5c05ff644c14cf00019db0a9,129,0,16,113,25,TRUE,FALSE,0
5c05ff644c14cf00019db0a9,129,0,16,70,25,TRUE,FALSE,0
5c05ff644c14cf00019db0a9,129,0,18,67,30,TRUE,FALSE,0
5c05ff644c14cf00019db0a9,129,0,19,20,25,FALSE,FALSE,1
5c05ff644c14cf00019db0a9,129,0,21,171,30,FALSE,TRUE,0
5c05ff644c14cf00019db0a9,129,0,25,4,35,FALSE,FALSE,1
5c05ff644c14cf00019db0a9,129,0,30,3,35,FALSE,FALSE,1
5c05ff644c14cf00019db0a9,129,0,32,59,35,TRUE,FALSE,0
5c05ff644c14cf00019db0a9,129,0,30,42,35,TRUE,FALSE,0
5c05ff644c14cf00019db0a9,129,0,15,158,30,FALSE,TRUE,0
5c05ff644c14cf00019db0a9,129,0,31,129,35,TRUE,FALSE,0
5c05ff644c14cf00019db0a9,129,0,13,27,35,FALSE,FALSE,1
5c05ff644c14cf00019db0a9,129,0,17,9,25,FALSE,FALSE,1
5da032d7b9e59e00176a4ee3,130,0,11,5,25,FALSE,FALSE,1
5da032d7b9e59e00176a4ee3,130,0,11,11,30,FALSE,FALSE,1
5da032d7b9e59e00176a4ee3,130,0,12,38,30,FALSE,FALSE,1
5da032d7b9e59e00176a4ee3,130,0,12,76,35,FALSE,FALSE,1
5da032d7b9e59e00176a4ee3,130,0,16,113,25,FALSE,FALSE,1
5da032d7b9e59e00176a4ee3,130,0,16,70,25,FALSE,FALSE,1
5da032d7b9e59e00176a4ee3,130,0,18,67,30,FALSE,FALSE,1
5da032d7b9e59e00176a4ee3,130,0,19,20,25,FALSE,TRUE,0
5da032d7b9e59e00176a4ee3,130,0,21,171,30,FALSE,FALSE,1
5da032d7b9e59e00176a4ee3,130,0,25,4,35,FALSE,FALSE,1
5da032d7b9e59e00176a4ee3,130,0,30,3,35,FALSE,TRUE,0
5da032d7b9e59e00176a4ee3,130,0,32,59,35,TRUE,FALSE,0
5da032d7b9e59e00176a4ee3,130,0,30,42,35,TRUE,FALSE,0
5da032d7b9e59e00176a4ee3,130,0,15,158,30,FALSE,FALSE,1
5da032d7b9e59e00176a4ee3,130,0,31,129,35,TRUE,FALSE,0
5da032d7b9e59e00176a4ee3,130,0,13,27,35,FALSE,FALSE,1
5da032d7b9e59e00176a4ee3,130,0,17,9,25,FALSE,FALSE,1
5d78c1a80b7abe00017923da,131,0,11,5,25,FALSE,FALSE,1
5d78c1a80b7abe00017923da,131,0,11,11,30,FALSE,FALSE,1
5d78c1a80b7abe00017923da,131,0,12,38,30,FALSE,FALSE,1
5d78c1a80b7abe00017923da,131,0,12,76,35,FALSE,FALSE,1
5d78c1a80b7abe00017923da,131,0,16,113,25,FALSE,FALSE,1
5d78c1a80b7abe00017923da,131,0,16,70,25,FALSE,FALSE,1
5d78c1a80b7abe00017923da,131,0,18,67,30,FALSE,FALSE,1
5d78c1a80b7abe00017923da,131,0,19,20,25,FALSE,FALSE,1
5d78c1a80b7abe00017923da,131,0,21,171,30,FALSE,FALSE,1
5d78c1a80b7abe00017923da,131,0,25,4,35,FALSE,FALSE,1
5d78c1a80b7abe00017923da,131,0,30,3,35,FALSE,FALSE,1
5d78c1a80b7abe00017923da,131,0,32,59,35,TRUE,FALSE,0
5d78c1a80b7abe00017923da,131,0,30,42,35,TRUE,FALSE,0
5d78c1a80b7abe00017923da,131,0,15,158,30,FALSE,FALSE,1
5d78c1a80b7abe00017923da,131,0,31,129,35,TRUE,FALSE,0
5d78c1a80b7abe00017923da,131,0,13,27,35,FALSE,FALSE,1
5d78c1a80b7abe00017923da,131,0,17,9,25,FALSE,FALSE,1
5d1855f26be726001a39cf9b,132,0,11,5,25,FALSE,FALSE,1
5d1855f26be726001a39cf9b,132,0,11,11,30,FALSE,FALSE,1
5d1855f26be726001a39cf9b,132,0,12,38,30,FALSE,FALSE,1
5d1855f26be726001a39cf9b,132,0,12,76,35,FALSE,FALSE,1
5d1855f26be726001a39cf9b,132,0,16,113,25,TRUE,FALSE,0
5d1855f26be726001a39cf9b,132,0,16,70,25,TRUE,FALSE,0
5d1855f26be726001a39cf9b,132,0,18,67,30,TRUE,FALSE,0
5d1855f26be726001a39cf9b,132,0,19,20,25,FALSE,FALSE,1
5d1855f26be726001a39cf9b,132,0,21,171,30,FALSE,TRUE,0
5d1855f26be726001a39cf9b,132,0,25,4,35,FALSE,FALSE,1
5d1855f26be726001a39cf9b,132,0,30,3,35,FALSE,FALSE,1
5d1855f26be726001a39cf9b,132,0,32,59,35,TRUE,FALSE,0
5d1855f26be726001a39cf9b,132,0,30,42,35,TRUE,FALSE,0
5d1855f26be726001a39cf9b,132,0,15,158,30,FALSE,FALSE,1
5d1855f26be726001a39cf9b,132,0,31,129,35,TRUE,FALSE,0
5d1855f26be726001a39cf9b,132,0,13,27,35,FALSE,FALSE,1
5d1855f26be726001a39cf9b,132,0,17,9,25,FALSE,FALSE,1
5d171334b49a4a0001e8aca4,133,0,11,5,25,FALSE,FALSE,1
5d171334b49a4a0001e8aca4,133,0,11,11,30,FALSE,FALSE,1
5d171334b49a4a0001e8aca4,133,0,12,38,30,FALSE,FALSE,1
5d171334b49a4a0001e8aca4,133,0,12,76,35,FALSE,FALSE,1
5d171334b49a4a0001e8aca4,133,0,16,113,25,FALSE,FALSE,1
5d171334b49a4a0001e8aca4,133,0,16,70,25,FALSE,FALSE,1
5d171334b49a4a0001e8aca4,133,0,18,67,30,FALSE,FALSE,1
5d171334b49a4a0001e8aca4,133,0,19,20,25,FALSE,FALSE,1
5d171334b49a4a0001e8aca4,133,0,21,171,30,FALSE,FALSE,1
5d171334b49a4a0001e8aca4,133,0,25,4,35,FALSE,FALSE,1
5d171334b49a4a0001e8aca4,133,0,30,3,35,FALSE,FALSE,1
5d171334b49a4a0001e8aca4,133,0,32,59,35,FALSE,FALSE,1
5d171334b49a4a0001e8aca4,133,0,30,42,35,FALSE,FALSE,1
5d171334b49a4a0001e8aca4,133,0,15,158,30,FALSE,FALSE,1
5d171334b49a4a0001e8aca4,133,0,31,129,35,FALSE,FALSE,1
5d171334b49a4a0001e8aca4,133,0,13,27,35,FALSE,FALSE,1
5d171334b49a4a0001e8aca4,133,0,17,9,25,FALSE,FALSE,1
5d7192103785810001af02a6,134,0,11,5,25,FALSE,FALSE,1
5d7192103785810001af02a6,134,0,11,11,30,FALSE,FALSE,1
5d7192103785810001af02a6,134,0,12,38,30,TRUE,FALSE,0
5d7192103785810001af02a6,134,0,12,76,35,FALSE,FALSE,1
5d7192103785810001af02a6,134,0,16,113,25,TRUE,FALSE,0
5d7192103785810001af02a6,134,0,16,70,25,TRUE,FALSE,0
5d7192103785810001af02a6,134,0,18,67,30,FALSE,FALSE,1
5d7192103785810001af02a6,134,0,19,20,25,FALSE,TRUE,0
5d7192103785810001af02a6,134,0,21,171,30,FALSE,TRUE,0
5d7192103785810001af02a6,134,0,25,4,35,FALSE,FALSE,1
5d7192103785810001af02a6,134,0,30,3,35,FALSE,FALSE,1
5d7192103785810001af02a6,134,0,32,59,35,FALSE,FALSE,1
5d7192103785810001af02a6,134,0,30,42,35,TRUE,FALSE,0
5d7192103785810001af02a6,134,0,15,158,30,FALSE,TRUE,0
5d7192103785810001af02a6,134,0,31,129,35,TRUE,FALSE,0
5d7192103785810001af02a6,134,0,13,27,35,FALSE,FALSE,1
5d7192103785810001af02a6,134,0,17,9,25,FALSE,FALSE,1
5c28c65636efd800010f30fb,135,0,11,5,25,FALSE,FALSE,1
5c28c65636efd800010f30fb,135,0,11,11,30,FALSE,FALSE,1
5c28c65636efd800010f30fb,135,0,12,38,30,FALSE,FALSE,1
5c28c65636efd800010f30fb,135,0,12,76,35,FALSE,FALSE,1
5c28c65636efd800010f30fb,135,0,16,113,25,FALSE,FALSE,1
5c28c65636efd800010f30fb,135,0,16,70,25,FALSE,FALSE,1
5c28c65636efd800010f30fb,135,0,18,67,30,FALSE,FALSE,1
5c28c65636efd800010f30fb,135,0,19,20,25,FALSE,FALSE,1
5c28c65636efd800010f30fb,135,0,21,171,30,FALSE,TRUE,0
5c28c65636efd800010f30fb,135,0,25,4,35,FALSE,FALSE,1
5c28c65636efd800010f30fb,135,0,30,3,35,FALSE,FALSE,1
5c28c65636efd800010f30fb,135,0,32,59,35,TRUE,FALSE,0
5c28c65636efd800010f30fb,135,0,30,42,35,TRUE,FALSE,0
5c28c65636efd800010f30fb,135,0,15,158,30,FALSE,FALSE,1
5c28c65636efd800010f30fb,135,0,31,129,35,FALSE,FALSE,1
5c28c65636efd800010f30fb,135,0,13,27,35,FALSE,FALSE,1
5c28c65636efd800010f30fb,135,0,17,9,25,FALSE,FALSE,1
5dbe3345a262de347e900665,136,0,11,5,25,FALSE,FALSE,1
5dbe3345a262de347e900665,136,0,11,11,30,FALSE,FALSE,1
5dbe3345a262de347e900665,136,0,12,38,30,FALSE,FALSE,1
5dbe3345a262de347e900665,136,0,12,76,35,FALSE,FALSE,1
5dbe3345a262de347e900665,136,0,16,113,25,FALSE,FALSE,1
5dbe3345a262de347e900665,136,0,16,70,25,FALSE,FALSE,1
5dbe3345a262de347e900665,136,0,18,67,30,FALSE,FALSE,1
5dbe3345a262de347e900665,136,0,19,20,25,FALSE,FALSE,1
5dbe3345a262de347e900665,136,0,21,171,30,FALSE,FALSE,1
5dbe3345a262de347e900665,136,0,25,4,35,FALSE,FALSE,1
5dbe3345a262de347e900665,136,0,30,3,35,FALSE,FALSE,1
5dbe3345a262de347e900665,136,0,32,59,35,FALSE,FALSE,1
5dbe3345a262de347e900665,136,0,30,42,35,FALSE,FALSE,1
5dbe3345a262de347e900665,136,0,15,158,30,FALSE,FALSE,1
5dbe3345a262de347e900665,136,0,31,129,35,FALSE,FALSE,1
5dbe3345a262de347e900665,136,0,13,27,35,FALSE,FALSE,1
5dbe3345a262de347e900665,136,0,17,9,25,FALSE,FALSE,1
5588d358fdf99b304ee5674f,137,0,11,5,25,FALSE,FALSE,1
5588d358fdf99b304ee5674f,137,0,11,11,30,FALSE,FALSE,1
5588d358fdf99b304ee5674f,137,0,12,38,30,TRUE,FALSE,0
5588d358fdf99b304ee5674f,137,0,12,76,35,FALSE,TRUE,0
5588d358fdf99b304ee5674f,137,0,16,113,25,TRUE,FALSE,0
5588d358fdf99b304ee5674f,137,0,16,70,25,TRUE,FALSE,0
5588d358fdf99b304ee5674f,137,0,18,67,30,TRUE,FALSE,0
5588d358fdf99b304ee5674f,137,0,19,20,25,FALSE,TRUE,0
5588d358fdf99b304ee5674f,137,0,21,171,30,FALSE,TRUE,0
5588d358fdf99b304ee5674f,137,0,25,4,35,FALSE,FALSE,1
5588d358fdf99b304ee5674f,137,0,30,3,35,FALSE,FALSE,1
5588d358fdf99b304ee5674f,137,0,32,59,35,TRUE,FALSE,0
5588d358fdf99b304ee5674f,137,0,30,42,35,TRUE,FALSE,0
5588d358fdf99b304ee5674f,137,0,15,158,30,FALSE,TRUE,0
5588d358fdf99b304ee5674f,137,0,31,129,35,TRUE,FALSE,0
5588d358fdf99b304ee5674f,137,0,13,27,35,FALSE,FALSE,1
5588d358fdf99b304ee5674f,137,0,17,9,25,FALSE,FALSE,1
5c7ec09ff123b3001022c20a,138,0,11,5,25,FALSE,FALSE,1
5c7ec09ff123b3001022c20a,138,0,11,11,30,FALSE,FALSE,1
5c7ec09ff123b3001022c20a,138,0,12,38,30,TRUE,FALSE,0
5c7ec09ff123b3001022c20a,138,0,12,76,35,FALSE,TRUE,0
5c7ec09ff123b3001022c20a,138,0,16,113,25,TRUE,FALSE,0
5c7ec09ff123b3001022c20a,138,0,16,70,25,TRUE,FALSE,0
5c7ec09ff123b3001022c20a,138,0,18,67,30,FALSE,FALSE,1
5c7ec09ff123b3001022c20a,138,0,19,20,25,FALSE,FALSE,1
5c7ec09ff123b3001022c20a,138,0,21,171,30,FALSE,FALSE,1
5c7ec09ff123b3001022c20a,138,0,25,4,35,FALSE,FALSE,1
5c7ec09ff123b3001022c20a,138,0,30,3,35,FALSE,TRUE,0
5c7ec09ff123b3001022c20a,138,0,32,59,35,TRUE,FALSE,0
5c7ec09ff123b3001022c20a,138,0,30,42,35,FALSE,FALSE,1
5c7ec09ff123b3001022c20a,138,0,15,158,30,FALSE,TRUE,0
5c7ec09ff123b3001022c20a,138,0,31,129,35,TRUE,FALSE,0
5c7ec09ff123b3001022c20a,138,0,13,27,35,FALSE,FALSE,1
5c7ec09ff123b3001022c20a,138,0,17,9,25,FALSE,FALSE,1
5c31783f2c45d400014b2bfb,139,0,11,5,25,FALSE,FALSE,1
5c31783f2c45d400014b2bfb,139,0,11,11,30,FALSE,FALSE,1
5c31783f2c45d400014b2bfb,139,0,12,38,30,FALSE,FALSE,1
5c31783f2c45d400014b2bfb,139,0,12,76,35,FALSE,FALSE,1
5c31783f2c45d400014b2bfb,139,0,16,113,25,FALSE,FALSE,1
5c31783f2c45d400014b2bfb,139,0,16,70,25,FALSE,FALSE,1
5c31783f2c45d400014b2bfb,139,0,18,67,30,FALSE,FALSE,1
5c31783f2c45d400014b2bfb,139,0,19,20,25,FALSE,FALSE,1
5c31783f2c45d400014b2bfb,139,0,21,171,30,FALSE,FALSE,1
5c31783f2c45d400014b2bfb,139,0,25,4,35,FALSE,FALSE,1
5c31783f2c45d400014b2bfb,139,0,30,3,35,FALSE,FALSE,1
5c31783f2c45d400014b2bfb,139,0,32,59,35,TRUE,FALSE,0
5c31783f2c45d400014b2bfb,139,0,30,42,35,FALSE,FALSE,1
5c31783f2c45d400014b2bfb,139,0,15,158,30,FALSE,FALSE,1
5c31783f2c45d400014b2bfb,139,0,31,129,35,TRUE,FALSE,0
5c31783f2c45d400014b2bfb,139,0,13,27,35,FALSE,FALSE,1
5c31783f2c45d400014b2bfb,139,0,17,9,25,FALSE,FALSE,1
5be26958056ebf0001be62eb,140,0,11,5,25,FALSE,FALSE,1
5be26958056ebf0001be62eb,140,0,11,11,30,FALSE,FALSE,1
5be26958056ebf0001be62eb,140,0,12,38,30,FALSE,FALSE,1
5be26958056ebf0001be62eb,140,0,12,76,35,FALSE,FALSE,1
5be26958056ebf0001be62eb,140,0,16,113,25,FALSE,FALSE,1
5be26958056ebf0001be62eb,140,0,16,70,25,FALSE,FALSE,1
5be26958056ebf0001be62eb,140,0,18,67,30,FALSE,FALSE,1
5be26958056ebf0001be62eb,140,0,19,20,25,FALSE,FALSE,1
5be26958056ebf0001be62eb,140,0,21,171,30,FALSE,TRUE,0
5be26958056ebf0001be62eb,140,0,25,4,35,FALSE,FALSE,1
5be26958056ebf0001be62eb,140,0,30,3,35,FALSE,FALSE,1
5be26958056ebf0001be62eb,140,0,32,59,35,FALSE,FALSE,1
5be26958056ebf0001be62eb,140,0,30,42,35,TRUE,FALSE,0
5be26958056ebf0001be62eb,140,0,15,158,30,FALSE,FALSE,1
5be26958056ebf0001be62eb,140,0,31,129,35,TRUE,FALSE,0
5be26958056ebf0001be62eb,140,0,13,27,35,FALSE,FALSE,1
5be26958056ebf0001be62eb,140,0,17,9,25,FALSE,FALSE,1
5d4702f04f947a0001181420,141,0,11,5,25,FALSE,FALSE,1
5d4702f04f947a0001181420,141,0,11,11,30,FALSE,FALSE,1
5d4702f04f947a0001181420,141,0,12,38,30,TRUE,FALSE,0
5d4702f04f947a0001181420,141,0,12,76,35,FALSE,TRUE,0
5d4702f04f947a0001181420,141,0,16,113,25,TRUE,FALSE,0
5d4702f04f947a0001181420,141,0,16,70,25,TRUE,FALSE,0
5d4702f04f947a0001181420,141,0,18,67,30,TRUE,FALSE,0
5d4702f04f947a0001181420,141,0,19,20,25,FALSE,TRUE,0
5d4702f04f947a0001181420,141,0,21,171,30,FALSE,TRUE,0
5d4702f04f947a0001181420,141,0,25,4,35,FALSE,FALSE,1
5d4702f04f947a0001181420,141,0,30,3,35,FALSE,FALSE,1
5d4702f04f947a0001181420,141,0,32,59,35,TRUE,FALSE,0
5d4702f04f947a0001181420,141,0,30,42,35,TRUE,FALSE,0
5d4702f04f947a0001181420,141,0,15,158,30,FALSE,TRUE,0
5d4702f04f947a0001181420,141,0,31,129,35,TRUE,FALSE,0
5d4702f04f947a0001181420,141,0,13,27,35,FALSE,FALSE,1
5d4702f04f947a0001181420,141,0,17,9,25,FALSE,FALSE,1
5d4dc0d7b881130016424acf,142,0,11,5,25,FALSE,FALSE,1
5d4dc0d7b881130016424acf,142,0,11,11,30,FALSE,FALSE,1
5d4dc0d7b881130016424acf,142,0,12,38,30,FALSE,FALSE,1
5d4dc0d7b881130016424acf,142,0,12,76,35,FALSE,FALSE,1
5d4dc0d7b881130016424acf,142,0,16,113,25,TRUE,FALSE,0
5d4dc0d7b881130016424acf,142,0,16,70,25,TRUE,FALSE,0
5d4dc0d7b881130016424acf,142,0,18,67,30,FALSE,FALSE,1
5d4dc0d7b881130016424acf,142,0,19,20,25,FALSE,FALSE,1
5d4dc0d7b881130016424acf,142,0,21,171,30,FALSE,TRUE,0
5d4dc0d7b881130016424acf,142,0,25,4,35,FALSE,TRUE,0
5d4dc0d7b881130016424acf,142,0,30,3,35,FALSE,FALSE,1
5d4dc0d7b881130016424acf,142,0,32,59,35,TRUE,FALSE,0
5d4dc0d7b881130016424acf,142,0,30,42,35,TRUE,FALSE,0
5d4dc0d7b881130016424acf,142,0,15,158,30,FALSE,TRUE,0
5d4dc0d7b881130016424acf,142,0,31,129,35,TRUE,FALSE,0
5d4dc0d7b881130016424acf,142,0,13,27,35,FALSE,FALSE,1
5d4dc0d7b881130016424acf,142,0,17,9,25,FALSE,FALSE,1
5b5c8d4e10aec90001ed4bee,143,0,11,5,25,FALSE,FALSE,1
5b5c8d4e10aec90001ed4bee,143,0,11,11,30,FALSE,FALSE,1
5b5c8d4e10aec90001ed4bee,143,0,12,38,30,FALSE,FALSE,1
5b5c8d4e10aec90001ed4bee,143,0,12,76,35,FALSE,FALSE,1
5b5c8d4e10aec90001ed4bee,143,0,16,113,25,TRUE,FALSE,0
5b5c8d4e10aec90001ed4bee,143,0,16,70,25,FALSE,FALSE,1
5b5c8d4e10aec90001ed4bee,143,0,18,67,30,FALSE,FALSE,1
5b5c8d4e10aec90001ed4bee,143,0,19,20,25,FALSE,FALSE,1
5b5c8d4e10aec90001ed4bee,143,0,21,171,30,FALSE,TRUE,0
5b5c8d4e10aec90001ed4bee,143,0,25,4,35,FALSE,FALSE,1
5b5c8d4e10aec90001ed4bee,143,0,30,3,35,FALSE,FALSE,1
5b5c8d4e10aec90001ed4bee,143,0,32,59,35,TRUE,FALSE,0
5b5c8d4e10aec90001ed4bee,143,0,30,42,35,TRUE,FALSE,0
5b5c8d4e10aec90001ed4bee,143,0,15,158,30,FALSE,FALSE,1
5b5c8d4e10aec90001ed4bee,143,0,31,129,35,TRUE,FALSE,0
5b5c8d4e10aec90001ed4bee,143,0,13,27,35,FALSE,FALSE,1
5b5c8d4e10aec90001ed4bee,143,0,17,9,25,FALSE,FALSE,1
5d14445a4e1adb0001bff411,144,0,11,5,25,FALSE,FALSE,1
5d14445a4e1adb0001bff411,144,0,11,11,30,FALSE,FALSE,1
5d14445a4e1adb0001bff411,144,0,12,38,30,FALSE,FALSE,1
5d14445a4e1adb0001bff411,144,0,12,76,35,FALSE,FALSE,1
5d14445a4e1adb0001bff411,144,0,16,113,25,TRUE,FALSE,0
5d14445a4e1adb0001bff411,144,0,16,70,25,TRUE,FALSE,0
5d14445a4e1adb0001bff411,144,0,18,67,30,FALSE,FALSE,1
5d14445a4e1adb0001bff411,144,0,19,20,25,FALSE,FALSE,1
5d14445a4e1adb0001bff411,144,0,21,171,30,FALSE,TRUE,0
5d14445a4e1adb0001bff411,144,0,25,4,35,FALSE,FALSE,1
5d14445a4e1adb0001bff411,144,0,30,3,35,FALSE,FALSE,1
5d14445a4e1adb0001bff411,144,0,32,59,35,TRUE,FALSE,0
5d14445a4e1adb0001bff411,144,0,30,42,35,TRUE,FALSE,0
5d14445a4e1adb0001bff411,144,0,15,158,30,FALSE,TRUE,0
5d14445a4e1adb0001bff411,144,0,31,129,35,TRUE,FALSE,0
5d14445a4e1adb0001bff411,144,0,13,27,35,FALSE,FALSE,1
5d14445a4e1adb0001bff411,144,0,17,9,25,FALSE,FALSE,1
5c1c137b0739430001693cf5,145,0,11,5,25,FALSE,FALSE,1
5c1c137b0739430001693cf5,145,0,11,11,30,FALSE,FALSE,1
5c1c137b0739430001693cf5,145,0,12,38,30,FALSE,FALSE,1
5c1c137b0739430001693cf5,145,0,12,76,35,FALSE,TRUE,0
5c1c137b0739430001693cf5,145,0,16,113,25,TRUE,FALSE,0
5c1c137b0739430001693cf5,145,0,16,70,25,TRUE,FALSE,0
5c1c137b0739430001693cf5,145,0,18,67,30,TRUE,FALSE,0
5c1c137b0739430001693cf5,145,0,19,20,25,FALSE,FALSE,1
5c1c137b0739430001693cf5,145,0,21,171,30,FALSE,TRUE,0
5c1c137b0739430001693cf5,145,0,25,4,35,FALSE,FALSE,1
5c1c137b0739430001693cf5,145,0,30,3,35,FALSE,FALSE,1
5c1c137b0739430001693cf5,145,0,32,59,35,TRUE,FALSE,0
5c1c137b0739430001693cf5,145,0,30,42,35,TRUE,FALSE,0
5c1c137b0739430001693cf5,145,0,15,158,30,FALSE,TRUE,0
5c1c137b0739430001693cf5,145,0,31,129,35,TRUE,FALSE,0
5c1c137b0739430001693cf5,145,0,13,27,35,FALSE,FALSE,1
5c1c137b0739430001693cf5,145,0,17,9,25,FALSE,FALSE,1
57dd7528a0e8ce00015445fd,146,0,11,5,25,FALSE,FALSE,1
57dd7528a0e8ce00015445fd,146,0,11,11,30,FALSE,FALSE,1
57dd7528a0e8ce00015445fd,146,0,12,38,30,FALSE,FALSE,1
57dd7528a0e8ce00015445fd,146,0,12,76,35,FALSE,FALSE,1
57dd7528a0e8ce00015445fd,146,0,16,113,25,TRUE,FALSE,0
57dd7528a0e8ce00015445fd,146,0,16,70,25,TRUE,FALSE,0
57dd7528a0e8ce00015445fd,146,0,18,67,30,FALSE,FALSE,1
57dd7528a0e8ce00015445fd,146,0,19,20,25,FALSE,FALSE,1
57dd7528a0e8ce00015445fd,146,0,21,171,30,FALSE,TRUE,0
57dd7528a0e8ce00015445fd,146,0,25,4,35,FALSE,FALSE,1
57dd7528a0e8ce00015445fd,146,0,30,3,35,FALSE,FALSE,1
57dd7528a0e8ce00015445fd,146,0,32,59,35,TRUE,FALSE,0
57dd7528a0e8ce00015445fd,146,0,30,42,35,TRUE,FALSE,0
57dd7528a0e8ce00015445fd,146,0,15,158,30,FALSE,TRUE,0
57dd7528a0e8ce00015445fd,146,0,31,129,35,TRUE,FALSE,0
57dd7528a0e8ce00015445fd,146,0,13,27,35,FALSE,FALSE,1
57dd7528a0e8ce00015445fd,146,0,17,9,25,FALSE,FALSE,1
5d0d16d991270800010b7dd7,147,0,11,5,25,FALSE,FALSE,1
5d0d16d991270800010b7dd7,147,0,11,11,30,FALSE,FALSE,1
5d0d16d991270800010b7dd7,147,0,12,38,30,TRUE,FALSE,0
5d0d16d991270800010b7dd7,147,0,12,76,35,FALSE,TRUE,0
5d0d16d991270800010b7dd7,147,0,16,113,25,TRUE,FALSE,0
5d0d16d991270800010b7dd7,147,0,16,70,25,TRUE,FALSE,0
5d0d16d991270800010b7dd7,147,0,18,67,30,TRUE,FALSE,0
5d0d16d991270800010b7dd7,147,0,19,20,25,FALSE,FALSE,1
5d0d16d991270800010b7dd7,147,0,21,171,30,FALSE,TRUE,0
5d0d16d991270800010b7dd7,147,0,25,4,35,FALSE,FALSE,1
5d0d16d991270800010b7dd7,147,0,30,3,35,FALSE,FALSE,1
5d0d16d991270800010b7dd7,147,0,32,59,35,TRUE,FALSE,0
5d0d16d991270800010b7dd7,147,0,30,42,35,TRUE,FALSE,0
5d0d16d991270800010b7dd7,147,0,15,158,30,FALSE,TRUE,0
5d0d16d991270800010b7dd7,147,0,31,129,35,TRUE,FALSE,0
5d0d16d991270800010b7dd7,147,0,13,27,35,FALSE,FALSE,1
5d0d16d991270800010b7dd7,147,0,17,9,25,FALSE,TRUE,0
5d219d16072b440018aebe98,148,0,11,5,25,FALSE,FALSE,1
5d219d16072b440018aebe98,148,0,11,11,30,FALSE,FALSE,1
5d219d16072b440018aebe98,148,0,12,38,30,FALSE,FALSE,1
5d219d16072b440018aebe98,148,0,12,76,35,FALSE,FALSE,1
5d219d16072b440018aebe98,148,0,16,113,25,FALSE,FALSE,1
5d219d16072b440018aebe98,148,0,16,70,25,FALSE,FALSE,1
5d219d16072b440018aebe98,148,0,18,67,30,FALSE,FALSE,1
5d219d16072b440018aebe98,148,0,19,20,25,FALSE,FALSE,1
5d219d16072b440018aebe98,148,0,21,171,30,FALSE,FALSE,1
5d219d16072b440018aebe98,148,0,25,4,35,FALSE,FALSE,1
5d219d16072b440018aebe98,148,0,30,3,35,FALSE,FALSE,1
5d219d16072b440018aebe98,148,0,32,59,35,FALSE,FALSE,1
5d219d16072b440018aebe98,148,0,30,42,35,FALSE,FALSE,1
5d219d16072b440018aebe98,148,0,15,158,30,FALSE,FALSE,1
5d219d16072b440018aebe98,148,0,31,129,35,FALSE,FALSE,1
5d219d16072b440018aebe98,148,0,13,27,35,FALSE,FALSE,1
5d219d16072b440018aebe98,148,0,17,9,25,FALSE,FALSE,1