ProlificID,Sub,Time,Race,Sex,Age,Immed,Delay,Time,response,rt,resp_left,resp_right,resp_final
5ace650a436f550001004f87,101,0,3,2,27,11,25,5,2,1.579,immed,delay,1
5ace650a436f550001004f87,101,0,3,2,27,11,30,11,2,1.505,immed,delay,1
5ace650a436f550001004f87,101,0,3,2,27,12,30,38,1,1.227,delay,immed,1
5ace650a436f550001004f87,101,0,3,2,27,12,35,76,2,2.579,immed,delay,1
5ace650a436f550001004f87,101,0,3,2,27,16,25,113,1,1.18,delay,immed,1
5ace650a436f550001004f87,101,0,3,2,27,16,25,70,1,1.341,delay,immed,1
5ace650a436f550001004f87,101,0,3,2,27,18,30,67,1,1.156,delay,immed,1
5ace650a436f550001004f87,101,0,3,2,27,19,25,20,2,0.967,immed,delay,1
5ace650a436f550001004f87,101,0,3,2,27,21,30,171,2,0.943,immed,delay,1
5ace650a436f550001004f87,101,0,3,2,27,25,35,4,2,1.033,immed,delay,1
5ace650a436f550001004f87,101,0,3,2,27,30,35,3,2,1.241,immed,delay,1
5ace650a436f550001004f87,101,0,3,2,27,32,35,59,1,1.25,delay,immed,1
5ace650a436f550001004f87,101,0,3,2,27,30,35,42,1,1.307,delay,immed,1
5ace650a436f550001004f87,101,0,3,2,27,15,30,158,2,1.204,immed,delay,1
5ace650a436f550001004f87,101,0,3,2,27,31,35,129,1,1.231,delay,immed,1
5ace650a436f550001004f87,101,0,3,2,27,13,35,27,1,1.111,delay,immed,1
5ace650a436f550001004f87,101,0,3,2,27,17,25,9,2,1.022,immed,delay,1
5ace650a436f550001004f87,101,1,3,2,27,11,25,5,2,1.608,immed,delay,1
5ace650a436f550001004f87,101,1,3,2,27,11,30,11,2,0.9,immed,delay,1
5ace650a436f550001004f87,101,1,3,2,27,12,30,38,1,1.356,delay,immed,1
5ace650a436f550001004f87,101,1,3,2,27,12,35,76,2,1.033,immed,delay,1
5ace650a436f550001004f87,101,1,3,2,27,16,25,113,1,1.089,delay,immed,1
5ace650a436f550001004f87,101,1,3,2,27,16,25,70,1,1.159,delay,immed,1
5ace650a436f550001004f87,101,1,3,2,27,18,30,67,1,1.493,delay,immed,1
5ace650a436f550001004f87,101,1,3,2,27,19,25,20,2,0.903,immed,delay,1
5ace650a436f550001004f87,101,1,3,2,27,21,30,171,2,1.093,immed,delay,1
5ace650a436f550001004f87,101,1,3,2,27,25,35,4,2,1.058,immed,delay,1
5ace650a436f550001004f87,101,1,3,2,27,30,35,3,2,1.079,immed,delay,1
5ace650a436f550001004f87,101,1,3,2,27,32,35,59,1,1.497,delay,immed,1
5ace650a436f550001004f87,101,1,3,2,27,30,35,42,1,1.183,delay,immed,1
5ace650a436f550001004f87,101,1,3,2,27,15,30,158,2,1.088,immed,delay,1
5ace650a436f550001004f87,101,1,3,2,27,31,35,129,1,1.301,delay,immed,1
5ace650a436f550001004f87,101,1,3,2,27,13,35,27,1,1.354,delay,immed,1
5ace650a436f550001004f87,101,1,3,2,27,17,25,9,2,0.905,immed,delay,1
5db6ff8c7f9e6b000dd24a19,102,0,1,1,34,11,25,5,2,2.595,immed,delay,1
5db6ff8c7f9e6b000dd24a19,102,0,1,1,34,11,30,11,2,2.167,immed,delay,1
5db6ff8c7f9e6b000dd24a19,102,0,1,1,34,12,30,38,1,1.671,delay,immed,1
5db6ff8c7f9e6b000dd24a19,102,0,1,1,34,12,35,76,1,2.013,immed,delay,0
5db6ff8c7f9e6b000dd24a19,102,0,1,1,34,16,25,113,2,2.251,delay,immed,0
5db6ff8c7f9e6b000dd24a19,102,0,1,1,34,16,25,70,2,2.381,delay,immed,0
5db6ff8c7f9e6b000dd24a19,102,0,1,1,34,18,30,67,2,1.938,delay,immed,0
5db6ff8c7f9e6b000dd24a19,102,0,1,1,34,19,25,20,1,1.812,immed,delay,0
5db6ff8c7f9e6b000dd24a19,102,0,1,1,34,21,30,171,1,1.352,immed,delay,0
5db6ff8c7f9e6b000dd24a19,102,0,1,1,34,25,35,4,1,1.109,immed,delay,0
5db6ff8c7f9e6b000dd24a19,102,0,1,1,34,30,35,3,1,1.238,immed,delay,0
5db6ff8c7f9e6b000dd24a19,102,0,1,1,34,32,35,59,2,1.398,delay,immed,0
5db6ff8c7f9e6b000dd24a19,102,0,1,1,34,30,35,42,2,1.054,delay,immed,0
5db6ff8c7f9e6b000dd24a19,102,0,1,1,34,15,30,158,1,1.344,immed,delay,0
5db6ff8c7f9e6b000dd24a19,102,0,1,1,34,31,35,129,2,1.04,delay,immed,0
5db6ff8c7f9e6b000dd24a19,102,0,1,1,34,13,35,27,2,3.643,delay,immed,0
5db6ff8c7f9e6b000dd24a19,102,0,1,1,34,17,25,9,1,2.318,immed,delay,0
5db6ff8c7f9e6b000dd24a19,102,1,1,1,34,11,25,5,1,2.302,immed,delay,0
5db6ff8c7f9e6b000dd24a19,102,1,1,1,34,11,30,11,2,1.483,immed,delay,1
5db6ff8c7f9e6b000dd24a19,102,1,1,1,34,12,30,38,2,1.647,delay,immed,0
5db6ff8c7f9e6b000dd24a19,102,1,1,1,34,12,35,76,1,2.014,immed,delay,0
5db6ff8c7f9e6b000dd24a19,102,1,1,1,34,16,25,113,2,1.086,delay,immed,0
5db6ff8c7f9e6b000dd24a19,102,1,1,1,34,16,25,70,2,2.064,delay,immed,0
5db6ff8c7f9e6b000dd24a19,102,1,1,1,34,18,30,67,2,1.2,delay,immed,0
5db6ff8c7f9e6b000dd24a19,102,1,1,1,34,19,25,20,2,2.81,immed,delay,1
5db6ff8c7f9e6b000dd24a19,102,1,1,1,34,21,30,171,1,1.39,immed,delay,0
5db6ff8c7f9e6b000dd24a19,102,1,1,1,34,25,35,4,1,1.422,immed,delay,0
5db6ff8c7f9e6b000dd24a19,102,1,1,1,34,30,35,3,2,1.562,immed,delay,1
5db6ff8c7f9e6b000dd24a19,102,1,1,1,34,32,35,59,2,1.737,delay,immed,0
5db6ff8c7f9e6b000dd24a19,102,1,1,1,34,30,35,42,2,1.832,delay,immed,0
5db6ff8c7f9e6b000dd24a19,102,1,1,1,34,15,30,158,1,1.815,immed,delay,0
5db6ff8c7f9e6b000dd24a19,102,1,1,1,34,31,35,129,2,2.21,delay,immed,0
5db6ff8c7f9e6b000dd24a19,102,1,1,1,34,13,35,27,2,2.485,delay,immed,0
5db6ff8c7f9e6b000dd24a19,102,1,1,1,34,17,25,9,2,2.771,immed,delay,1
5d017f2466581d001a9059dc,103,0,1,2,28,11,25,5,2,2.664,immed,delay,1
5d017f2466581d001a9059dc,103,0,1,2,28,11,30,11,2,3.357,immed,delay,1
5d017f2466581d001a9059dc,103,0,1,2,28,12,30,38,,,delay,immed,
5d017f2466581d001a9059dc,103,0,1,2,28,12,35,76,1,1.693,immed,delay,0
5d017f2466581d001a9059dc,103,0,1,2,28,16,25,113,2,1.806,delay,immed,0
5d017f2466581d001a9059dc,103,0,1,2,28,16,25,70,1,2.06,delay,immed,1
5d017f2466581d001a9059dc,103,0,1,2,28,18,30,67,1,1.641,delay,immed,1
5d017f2466581d001a9059dc,103,0,1,2,28,19,25,20,2,1.74,immed,delay,1
5d017f2466581d001a9059dc,103,0,1,2,28,21,30,171,1,1.908,immed,delay,0
5d017f2466581d001a9059dc,103,0,1,2,28,25,35,4,2,1.757,immed,delay,1
5d017f2466581d001a9059dc,103,0,1,2,28,30,35,3,2,2.076,immed,delay,1
5d017f2466581d001a9059dc,103,0,1,2,28,32,35,59,2,1.974,delay,immed,0
5d017f2466581d001a9059dc,103,0,1,2,28,30,35,42,2,3.357,delay,immed,0
5d017f2466581d001a9059dc,103,0,1,2,28,15,30,158,1,1.576,immed,delay,0
5d017f2466581d001a9059dc,103,0,1,2,28,31,35,129,2,2.142,delay,immed,0
5d017f2466581d001a9059dc,103,0,1,2,28,13,35,27,2,1.725,delay,immed,0
5d017f2466581d001a9059dc,103,0,1,2,28,17,25,9,2,1.909,immed,delay,1
5d017f2466581d001a9059dc,103,1,1,2,28,11,25,5,2,1.354,immed,delay,1
5d017f2466581d001a9059dc,103,1,1,2,28,11,30,11,2,1.607,immed,delay,1
5d017f2466581d001a9059dc,103,1,1,2,28,12,30,38,1,2.207,delay,immed,1
5d017f2466581d001a9059dc,103,1,1,2,28,12,35,76,1,1.773,immed,delay,0
5d017f2466581d001a9059dc,103,1,1,2,28,16,25,113,2,1.66,delay,immed,0
5d017f2466581d001a9059dc,103,1,1,2,28,16,25,70,2,2.341,delay,immed,0
5d017f2466581d001a9059dc,103,1,1,2,28,18,30,67,2,1.81,delay,immed,0
5d017f2466581d001a9059dc,103,1,1,2,28,19,25,20,2,1.607,immed,delay,1
5d017f2466581d001a9059dc,103,1,1,2,28,21,30,171,1,1.073,immed,delay,0
5d017f2466581d001a9059dc,103,1,1,2,28,25,35,4,1,1.19,immed,delay,0
5d017f2466581d001a9059dc,103,1,1,2,28,30,35,3,2,1.441,immed,delay,1
5d017f2466581d001a9059dc,103,1,1,2,28,32,35,59,2,1.308,delay,immed,0
5d017f2466581d001a9059dc,103,1,1,2,28,30,35,42,2,1.524,delay,immed,0
5d017f2466581d001a9059dc,103,1,1,2,28,15,30,158,1,1.677,immed,delay,0
5d017f2466581d001a9059dc,103,1,1,2,28,31,35,129,2,1.291,delay,immed,0
5d017f2466581d001a9059dc,103,1,1,2,28,13,35,27,2,1.991,delay,immed,0
5d017f2466581d001a9059dc,103,1,1,2,28,17,25,9,2,1.407,immed,delay,1
5d91a9eb19993e0019a9f77e,104,0,1,1,30,11,25,5,2,4.934,immed,delay,1
5d91a9eb19993e0019a9f77e,104,0,1,1,30,11,30,11,2,0.153,immed,delay,1
5d91a9eb19993e0019a9f77e,104,0,1,1,30,12,30,38,2,1.655,delay,immed,0
5d91a9eb19993e0019a9f77e,104,0,1,1,30,12,35,76,1,0.756,immed,delay,0
5d91a9eb19993e0019a9f77e,104,0,1,1,30,16,25,113,2,2.07,delay,immed,0
5d91a9eb19993e0019a9f77e,104,0,1,1,30,16,25,70,1,2.501,delay,immed,1
5d91a9eb19993e0019a9f77e,104,0,1,1,30,18,30,67,1,2.171,delay,immed,1
5d91a9eb19993e0019a9f77e,104,0,1,1,30,19,25,20,,,immed,delay,
5d91a9eb19993e0019a9f77e,104,0,1,1,30,21,30,171,,,immed,delay,
5d91a9eb19993e0019a9f77e,104,0,1,1,30,25,35,4,,,immed,delay,
5d91a9eb19993e0019a9f77e,104,0,1,1,30,30,35,3,,,immed,delay,
5d91a9eb19993e0019a9f77e,104,0,1,1,30,32,35,59,2,1.736,delay,immed,0
5d91a9eb19993e0019a9f77e,104,0,1,1,30,30,35,42,2,2.103,delay,immed,0
5d91a9eb19993e0019a9f77e,104,0,1,1,30,15,30,158,2,2.058,immed,delay,1
5d91a9eb19993e0019a9f77e,104,0,1,1,30,31,35,129,,,delay,immed,
5d91a9eb19993e0019a9f77e,104,0,1,1,30,13,35,27,1,0.81,delay,immed,1
5d91a9eb19993e0019a9f77e,104,0,1,1,30,17,25,9,2,3.924,immed,delay,1
5d91a9eb19993e0019a9f77e,104,1,1,1,30,11,25,5,1,2.285,immed,delay,0
5d91a9eb19993e0019a9f77e,104,1,1,1,30,11,30,11,2,1.604,immed,delay,1
5d91a9eb19993e0019a9f77e,104,1,1,1,30,12,30,38,2,0.558,delay,immed,0
5d91a9eb19993e0019a9f77e,104,1,1,1,30,12,35,76,2,0.419,immed,delay,1
5d91a9eb19993e0019a9f77e,104,1,1,1,30,16,25,113,2,4.757,delay,immed,0
5d91a9eb19993e0019a9f77e,104,1,1,1,30,16,25,70,,,delay,immed,
5d91a9eb19993e0019a9f77e,104,1,1,1,30,18,30,67,2,0.915,delay,immed,0
5d91a9eb19993e0019a9f77e,104,1,1,1,30,19,25,20,1,0.373,immed,delay,0
5d91a9eb19993e0019a9f77e,104,1,1,1,30,21,30,171,1,4.328,immed,delay,0
5d91a9eb19993e0019a9f77e,104,1,1,1,30,25,35,4,1,0.452,immed,delay,0
5d91a9eb19993e0019a9f77e,104,1,1,1,30,30,35,3,,,immed,delay,
5d91a9eb19993e0019a9f77e,104,1,1,1,30,32,35,59,2,0.31,delay,immed,0
5d91a9eb19993e0019a9f77e,104,1,1,1,30,30,35,42,2,0.38,delay,immed,0
5d91a9eb19993e0019a9f77e,104,1,1,1,30,15,30,158,1,0.415,immed,delay,0
5d91a9eb19993e0019a9f77e,104,1,1,1,30,31,35,129,2,4.894,delay,immed,0
5d91a9eb19993e0019a9f77e,104,1,1,1,30,13,35,27,1,1.879,delay,immed,1
5d91a9eb19993e0019a9f77e,104,1,1,1,30,17,25,9,2,2.118,immed,delay,1
5d634b27e5f92f0017196a3f,105,0,1,1,30,11,25,5,2,3.023,immed,delay,1
5d634b27e5f92f0017196a3f,105,0,1,1,30,11,30,11,1,4.067,immed,delay,0
5d634b27e5f92f0017196a3f,105,0,1,1,30,12,30,38,2,4.587,delay,immed,0
5d634b27e5f92f0017196a3f,105,0,1,1,30,12,35,76,2,3.407,immed,delay,1
5d634b27e5f92f0017196a3f,105,0,1,1,30,16,25,113,2,4.817,delay,immed,0
5d634b27e5f92f0017196a3f,105,0,1,1,30,16,25,70,,,delay,immed,
5d634b27e5f92f0017196a3f,105,0,1,1,30,18,30,67,2,3.287,delay,immed,0
5d634b27e5f92f0017196a3f,105,0,1,1,30,19,25,20,1,1.827,immed,delay,0
5d634b27e5f92f0017196a3f,105,0,1,1,30,21,30,171,2,3.064,immed,delay,1
5d634b27e5f92f0017196a3f,105,0,1,1,30,25,35,4,2,2.851,immed,delay,1
5d634b27e5f92f0017196a3f,105,0,1,1,30,30,35,3,2,2.485,immed,delay,1
5d634b27e5f92f0017196a3f,105,0,1,1,30,32,35,59,2,2.891,delay,immed,0
5d634b27e5f92f0017196a3f,105,0,1,1,30,30,35,42,1,2.716,delay,immed,1
5d634b27e5f92f0017196a3f,105,0,1,1,30,15,30,158,2,3.036,immed,delay,1
5d634b27e5f92f0017196a3f,105,0,1,1,30,31,35,129,1,2.835,delay,immed,1
5d634b27e5f92f0017196a3f,105,0,1,1,30,13,35,27,2,3.331,delay,immed,0
5d634b27e5f92f0017196a3f,105,0,1,1,30,17,25,9,,,immed,delay,
5d634b27e5f92f0017196a3f,105,1,1,1,30,11,25,5,2,3.966,immed,delay,1
5d634b27e5f92f0017196a3f,105,1,1,1,30,11,30,11,2,2.415,immed,delay,1
5d634b27e5f92f0017196a3f,105,1,1,1,30,12,30,38,1,2.63,delay,immed,1
5d634b27e5f92f0017196a3f,105,1,1,1,30,12,35,76,1,3.784,immed,delay,0
5d634b27e5f92f0017196a3f,105,1,1,1,30,16,25,113,2,2.879,delay,immed,0
5d634b27e5f92f0017196a3f,105,1,1,1,30,16,25,70,2,3.851,delay,immed,0
5d634b27e5f92f0017196a3f,105,1,1,1,30,18,30,67,2,3.181,delay,immed,0
5d634b27e5f92f0017196a3f,105,1,1,1,30,19,25,20,1,2.431,immed,delay,0
5d634b27e5f92f0017196a3f,105,1,1,1,30,21,30,171,1,2.079,immed,delay,0
5d634b27e5f92f0017196a3f,105,1,1,1,30,25,35,4,2,2.07,immed,delay,1
5d634b27e5f92f0017196a3f,105,1,1,1,30,30,35,3,2,2.848,immed,delay,1
5d634b27e5f92f0017196a3f,105,1,1,1,30,32,35,59,2,2.254,delay,immed,0
5d634b27e5f92f0017196a3f,105,1,1,1,30,30,35,42,2,3.744,delay,immed,0
5d634b27e5f92f0017196a3f,105,1,1,1,30,15,30,158,1,2.476,immed,delay,0
5d634b27e5f92f0017196a3f,105,1,1,1,30,31,35,129,2,2.295,delay,immed,0
5d634b27e5f92f0017196a3f,105,1,1,1,30,13,35,27,,,delay,immed,
5d634b27e5f92f0017196a3f,105,1,1,1,30,17,25,9,1,2.696,immed,delay,0
5dbbb58c03a8561923e97d90,106,0,1,1,34,11,25,5,2,2.072,immed,delay,1
5dbbb58c03a8561923e97d90,106,0,1,1,34,11,30,11,2,2.093,immed,delay,1
5dbbb58c03a8561923e97d90,106,0,1,1,34,12,30,38,1,2.943,delay,immed,1
5dbbb58c03a8561923e97d90,106,0,1,1,34,12,35,76,2,3.028,immed,delay,1
5dbbb58c03a8561923e97d90,106,0,1,1,34,16,25,113,2,2.61,delay,immed,0
5dbbb58c03a8561923e97d90,106,0,1,1,34,16,25,70,2,2.325,delay,immed,0
5dbbb58c03a8561923e97d90,106,0,1,1,34,18,30,67,2,2.541,delay,immed,0
5dbbb58c03a8561923e97d90,106,0,1,1,34,19,25,20,1,3.49,immed,delay,0
5dbbb58c03a8561923e97d90,106,0,1,1,34,21,30,171,1,2.941,immed,delay,0
5dbbb58c03a8561923e97d90,106,0,1,1,34,25,35,4,2,2.511,immed,delay,1
5dbbb58c03a8561923e97d90,106,0,1,1,34,30,35,3,2,2.64,immed,delay,1
5dbbb58c03a8561923e97d90,106,0,1,1,34,32,35,59,2,3.007,delay,immed,0
5dbbb58c03a8561923e97d90,106,0,1,1,34,30,35,42,2,2.642,delay,immed,0
5dbbb58c03a8561923e97d90,106,0,1,1,34,15,30,158,1,3.56,immed,delay,0
5dbbb58c03a8561923e97d90,106,0,1,1,34,31,35,129,2,2.223,delay,immed,0
5dbbb58c03a8561923e97d90,106,0,1,1,34,13,35,27,1,2.506,delay,immed,1
5dbbb58c03a8561923e97d90,106,0,1,1,34,17,25,9,2,2.157,immed,delay,1
5dbbb58c03a8561923e97d90,106,1,1,1,34,11,25,5,2,1.971,immed,delay,1
5dbbb58c03a8561923e97d90,106,1,1,1,34,11,30,11,2,1.342,immed,delay,1
5dbbb58c03a8561923e97d90,106,1,1,1,34,12,30,38,1,1.509,delay,immed,1
5dbbb58c03a8561923e97d90,106,1,1,1,34,12,35,76,2,1.227,immed,delay,1
5dbbb58c03a8561923e97d90,106,1,1,1,34,16,25,113,2,2.058,delay,immed,0
5dbbb58c03a8561923e97d90,106,1,1,1,34,16,25,70,2,3.207,delay,immed,0
5dbbb58c03a8561923e97d90,106,1,1,1,34,18,30,67,2,2.509,delay,immed,0
5dbbb58c03a8561923e97d90,106,1,1,1,34,19,25,20,1,2.294,immed,delay,0
5dbbb58c03a8561923e97d90,106,1,1,1,34,21,30,171,1,2.009,immed,delay,0
5dbbb58c03a8561923e97d90,106,1,1,1,34,25,35,4,2,1.925,immed,delay,1
5dbbb58c03a8561923e97d90,106,1,1,1,34,30,35,3,2,2.159,immed,delay,1
5dbbb58c03a8561923e97d90,106,1,1,1,34,32,35,59,2,2.077,delay,immed,0
5dbbb58c03a8561923e97d90,106,1,1,1,34,30,35,42,2,1.643,delay,immed,0
5dbbb58c03a8561923e97d90,106,1,1,1,34,15,30,158,1,2.643,immed,delay,0
5dbbb58c03a8561923e97d90,106,1,1,1,34,31,35,129,2,2.026,delay,immed,0
5dbbb58c03a8561923e97d90,106,1,1,1,34,13,35,27,1,3.241,delay,immed,1
5dbbb58c03a8561923e97d90,106,1,1,1,34,17,25,9,2,1.794,immed,delay,1
5bcb6b6d0f10750001d79240,107,0,1,2,20,11,25,5,2,1.464,immed,delay,1
5bcb6b6d0f10750001d79240,107,0,1,2,20,11,30,11,2,3.356,immed,delay,1
5bcb6b6d0f10750001d79240,107,0,1,2,20,12,30,38,1,2.307,delay,immed,1
5bcb6b6d0f10750001d79240,107,0,1,2,20,12,35,76,2,1.641,immed,delay,1
5bcb6b6d0f10750001d79240,107,0,1,2,20,16,25,113,,,delay,immed,
5bcb6b6d0f10750001d79240,107,0,1,2,20,16,25,70,1,2.224,delay,immed,1
5bcb6b6d0f10750001d79240,107,0,1,2,20,18,30,67,1,1.738,delay,immed,1
5bcb6b6d0f10750001d79240,107,0,1,2,20,19,25,20,2,1.521,immed,delay,1
5bcb6b6d0f10750001d79240,107,0,1,2,20,21,30,171,1,1.957,immed,delay,0
5bcb6b6d0f10750001d79240,107,0,1,2,20,25,35,4,2,1.525,immed,delay,1
5bcb6b6d0f10750001d79240,107,0,1,2,20,30,35,3,2,1.475,immed,delay,1
5bcb6b6d0f10750001d79240,107,0,1,2,20,32,35,59,2,2.057,delay,immed,0
5bcb6b6d0f10750001d79240,107,0,1,2,20,30,35,42,1,3.69,delay,immed,1
5bcb6b6d0f10750001d79240,107,0,1,2,20,15,30,158,2,3.14,immed,delay,1
5bcb6b6d0f10750001d79240,107,0,1,2,20,31,35,129,2,2.055,delay,immed,0
5bcb6b6d0f10750001d79240,107,0,1,2,20,13,35,27,1,2.458,delay,immed,1
5bcb6b6d0f10750001d79240,107,0,1,2,20,17,25,9,2,1.488,immed,delay,1
5bcb6b6d0f10750001d79240,107,1,1,2,20,11,25,5,2,1.419,immed,delay,1
5bcb6b6d0f10750001d79240,107,1,1,2,20,11,30,11,1,0.324,immed,delay,0
5bcb6b6d0f10750001d79240,107,1,1,2,20,12,30,38,1,1.839,delay,immed,1
5bcb6b6d0f10750001d79240,107,1,1,2,20,12,35,76,2,2.19,immed,delay,1
5bcb6b6d0f10750001d79240,107,1,1,2,20,16,25,113,2,3.772,delay,immed,0
5bcb6b6d0f10750001d79240,107,1,1,2,20,16,25,70,1,1.507,delay,immed,1
5bcb6b6d0f10750001d79240,107,1,1,2,20,18,30,67,1,1.391,delay,immed,1
5bcb6b6d0f10750001d79240,107,1,1,2,20,19,25,20,2,1.242,immed,delay,1
5bcb6b6d0f10750001d79240,107,1,1,2,20,21,30,171,1,3.153,immed,delay,0
5bcb6b6d0f10750001d79240,107,1,1,2,20,25,35,4,2,2.34,immed,delay,1
5bcb6b6d0f10750001d79240,107,1,1,2,20,30,35,3,2,1.592,immed,delay,1
5bcb6b6d0f10750001d79240,107,1,1,2,20,32,35,59,2,2.041,delay,immed,0
5bcb6b6d0f10750001d79240,107,1,1,2,20,30,35,42,2,3.623,delay,immed,0
5bcb6b6d0f10750001d79240,107,1,1,2,20,15,30,158,2,2.889,immed,delay,1
5bcb6b6d0f10750001d79240,107,1,1,2,20,31,35,129,2,1.708,delay,immed,0
5bcb6b6d0f10750001d79240,107,1,1,2,20,13,35,27,1,1.758,delay,immed,1
5bcb6b6d0f10750001d79240,107,1,1,2,20,17,25,9,2,2.191,immed,delay,1
5b4ccba2e893120001247e9e,108,0,3,1,24,11,25,5,2,1.833,immed,delay,1
5b4ccba2e893120001247e9e,108,0,3,1,24,11,30,11,2,1.528,immed,delay,1
5b4ccba2e893120001247e9e,108,0,3,1,24,12,30,38,1,1.827,delay,immed,1
5b4ccba2e893120001247e9e,108,0,3,1,24,12,35,76,1,1.694,immed,delay,0
5b4ccba2e893120001247e9e,108,0,3,1,24,16,25,113,2,1.579,delay,immed,0
5b4ccba2e893120001247e9e,108,0,3,1,24,16,25,70,2,1.379,delay,immed,0
5b4ccba2e893120001247e9e,108,0,3,1,24,18,30,67,2,1.763,delay,immed,0
5b4ccba2e893120001247e9e,108,0,3,1,24,19,25,20,1,3.128,immed,delay,0
5b4ccba2e893120001247e9e,108,0,3,1,24,21,30,171,1,1.646,immed,delay,0
5b4ccba2e893120001247e9e,108,0,3,1,24,25,35,4,2,1.679,immed,delay,1
5b4ccba2e893120001247e9e,108,0,3,1,24,30,35,3,2,1.444,immed,delay,1
5b4ccba2e893120001247e9e,108,0,3,1,24,32,35,59,2,1.862,delay,immed,0
5b4ccba2e893120001247e9e,108,0,3,1,24,30,35,42,2,1.38,delay,immed,0
5b4ccba2e893120001247e9e,108,0,3,1,24,15,30,158,1,1.813,immed,delay,0
5b4ccba2e893120001247e9e,108,0,3,1,24,31,35,129,2,1.629,delay,immed,0
5b4ccba2e893120001247e9e,108,0,3,1,24,13,35,27,1,1.662,delay,immed,1
5b4ccba2e893120001247e9e,108,0,3,1,24,17,25,9,2,1.545,immed,delay,1
5b4ccba2e893120001247e9e,108,1,3,1,24,11,25,5,2,1.384,immed,delay,1
5b4ccba2e893120001247e9e,108,1,3,1,24,11,30,11,2,1.594,immed,delay,1
5b4ccba2e893120001247e9e,108,1,3,1,24,12,30,38,1,1.627,delay,immed,1
5b4ccba2e893120001247e9e,108,1,3,1,24,12,35,76,1,1.145,immed,delay,0
5b4ccba2e893120001247e9e,108,1,3,1,24,16,25,113,2,1.113,delay,immed,0
5b4ccba2e893120001247e9e,108,1,3,1,24,16,25,70,2,1.897,delay,immed,0
5b4ccba2e893120001247e9e,108,1,3,1,24,18,30,67,2,2.045,delay,immed,0
5b4ccba2e893120001247e9e,108,1,3,1,24,19,25,20,2,3.096,immed,delay,1
5b4ccba2e893120001247e9e,108,1,3,1,24,21,30,171,1,1.911,immed,delay,0
5b4ccba2e893120001247e9e,108,1,3,1,24,25,35,4,2,1.595,immed,delay,1
5b4ccba2e893120001247e9e,108,1,3,1,24,30,35,3,2,1.462,immed,delay,1
5b4ccba2e893120001247e9e,108,1,3,1,24,32,35,59,2,1.528,delay,immed,0
5b4ccba2e893120001247e9e,108,1,3,1,24,30,35,42,2,1.328,delay,immed,0
5b4ccba2e893120001247e9e,108,1,3,1,24,15,30,158,1,1.446,immed,delay,0
5b4ccba2e893120001247e9e,108,1,3,1,24,31,35,129,2,1.211,delay,immed,0
5b4ccba2e893120001247e9e,108,1,3,1,24,13,35,27,1,1.58,delay,immed,1
5b4ccba2e893120001247e9e,108,1,3,1,24,17,25,9,2,1.728,immed,delay,1
5d8d12f6d88e3a00142c9751,109,0,1,1,34,11,25,5,1,2.473,immed,delay,0
5d8d12f6d88e3a00142c9751,109,0,1,1,34,11,30,11,1,2.815,immed,delay,0
5d8d12f6d88e3a00142c9751,109,0,1,1,34,12,30,38,2,2.65,delay,immed,0
5d8d12f6d88e3a00142c9751,109,0,1,1,34,12,35,76,1,2.019,immed,delay,0
5d8d12f6d88e3a00142c9751,109,0,1,1,34,16,25,113,2,2.208,delay,immed,0
5d8d12f6d88e3a00142c9751,109,0,1,1,34,16,25,70,2,1.703,delay,immed,0
5d8d12f6d88e3a00142c9751,109,0,1,1,34,18,30,67,2,1.584,delay,immed,0
5d8d12f6d88e3a00142c9751,109,0,1,1,34,19,25,20,1,1.5,immed,delay,0
5d8d12f6d88e3a00142c9751,109,0,1,1,34,21,30,171,1,1.585,immed,delay,0
5d8d12f6d88e3a00142c9751,109,0,1,1,34,25,35,4,1,1.301,immed,delay,0
5d8d12f6d88e3a00142c9751,109,0,1,1,34,30,35,3,1,1.785,immed,delay,0
5d8d12f6d88e3a00142c9751,109,0,1,1,34,32,35,59,2,1.585,delay,immed,0
5d8d12f6d88e3a00142c9751,109,0,1,1,34,30,35,42,2,1.714,delay,immed,0
5d8d12f6d88e3a00142c9751,109,0,1,1,34,15,30,158,1,1.419,immed,delay,0
5d8d12f6d88e3a00142c9751,109,0,1,1,34,31,35,129,2,1.435,delay,immed,0
5d8d12f6d88e3a00142c9751,109,0,1,1,34,13,35,27,2,1.468,delay,immed,0
5d8d12f6d88e3a00142c9751,109,0,1,1,34,17,25,9,1,1.655,immed,delay,0
5d8d12f6d88e3a00142c9751,109,1,1,1,34,11,25,5,1,2.007,immed,delay,0
5d8d12f6d88e3a00142c9751,109,1,1,1,34,11,30,11,1,1.339,immed,delay,0
5d8d12f6d88e3a00142c9751,109,1,1,1,34,12,30,38,2,1.45,delay,immed,0
5d8d12f6d88e3a00142c9751,109,1,1,1,34,12,35,76,1,1.052,immed,delay,0
5d8d12f6d88e3a00142c9751,109,1,1,1,34,16,25,113,2,1.234,delay,immed,0
5d8d12f6d88e3a00142c9751,109,1,1,1,34,16,25,70,2,1.332,delay,immed,0
5d8d12f6d88e3a00142c9751,109,1,1,1,34,18,30,67,2,1.151,delay,immed,0
5d8d12f6d88e3a00142c9751,109,1,1,1,34,19,25,20,1,0.88,immed,delay,0
5d8d12f6d88e3a00142c9751,109,1,1,1,34,21,30,171,1,1.001,immed,delay,0
5d8d12f6d88e3a00142c9751,109,1,1,1,34,25,35,4,1,0.736,immed,delay,0
5d8d12f6d88e3a00142c9751,109,1,1,1,34,30,35,3,1,0.886,immed,delay,0
5d8d12f6d88e3a00142c9751,109,1,1,1,34,32,35,59,2,1.114,delay,immed,0
5d8d12f6d88e3a00142c9751,109,1,1,1,34,30,35,42,2,1.05,delay,immed,0
5d8d12f6d88e3a00142c9751,109,1,1,1,34,15,30,158,1,1.018,immed,delay,0
5d8d12f6d88e3a00142c9751,109,1,1,1,34,31,35,129,2,1.22,delay,immed,0
5d8d12f6d88e3a00142c9751,109,1,1,1,34,13,35,27,2,1.384,delay,immed,0
5d8d12f6d88e3a00142c9751,109,1,1,1,34,17,25,9,1,1.003,immed,delay,0
5c284e32867f660001ae805e,110,0,1,1,21,11,25,5,2,1.607,immed,delay,1
5c284e32867f660001ae805e,110,0,1,1,21,11,30,11,2,0.948,immed,delay,1
5c284e32867f660001ae805e,110,0,1,1,21,12,30,38,1,1.616,delay,immed,1
5c284e32867f660001ae805e,110,0,1,1,21,12,35,76,2,1.648,immed,delay,1
5c284e32867f660001ae805e,110,0,1,1,21,16,25,113,1,2.802,delay,immed,1
5c284e32867f660001ae805e,110,0,1,1,21,16,25,70,1,2.994,delay,immed,1
5c284e32867f660001ae805e,110,0,1,1,21,18,30,67,1,3.234,delay,immed,1
5c284e32867f660001ae805e,110,0,1,1,21,19,25,20,2,2.017,immed,delay,1
5c284e32867f660001ae805e,110,0,1,1,21,21,30,171,2,1.629,immed,delay,1
5c284e32867f660001ae805e,110,0,1,1,21,25,35,4,2,1.995,immed,delay,1
5c284e32867f660001ae805e,110,0,1,1,21,30,35,3,2,2.716,immed,delay,1
5c284e32867f660001ae805e,110,0,1,1,21,32,35,59,1,4.735,delay,immed,1
5c284e32867f660001ae805e,110,0,1,1,21,30,35,42,1,3.119,delay,immed,1
5c284e32867f660001ae805e,110,0,1,1,21,15,30,158,2,2.341,immed,delay,1
5c284e32867f660001ae805e,110,0,1,1,21,31,35,129,1,2.282,delay,immed,1
5c284e32867f660001ae805e,110,0,1,1,21,13,35,27,1,2.713,delay,immed,1
5c284e32867f660001ae805e,110,0,1,1,21,17,25,9,2,1.846,immed,delay,1
5c284e32867f660001ae805e,110,1,1,1,21,11,25,5,2,2.258,immed,delay,1
5c284e32867f660001ae805e,110,1,1,1,21,11,30,11,,,immed,delay,
5c284e32867f660001ae805e,110,1,1,1,21,12,30,38,1,1.346,delay,immed,1
5c284e32867f660001ae805e,110,1,1,1,21,12,35,76,2,2.137,immed,delay,1
5c284e32867f660001ae805e,110,1,1,1,21,16,25,113,1,0.909,delay,immed,1
5c284e32867f660001ae805e,110,1,1,1,21,16,25,70,1,1.711,delay,immed,1
5c284e32867f660001ae805e,110,1,1,1,21,18,30,67,1,2.617,delay,immed,1
5c284e32867f660001ae805e,110,1,1,1,21,19,25,20,2,1.873,immed,delay,1
5c284e32867f660001ae805e,110,1,1,1,21,21,30,171,2,3.261,immed,delay,1
5c284e32867f660001ae805e,110,1,1,1,21,25,35,4,,,immed,delay,
5c284e32867f660001ae805e,110,1,1,1,21,30,35,3,2,2.069,immed,delay,1
5c284e32867f660001ae805e,110,1,1,1,21,32,35,59,1,2.872,delay,immed,1
5c284e32867f660001ae805e,110,1,1,1,21,30,35,42,1,0.913,delay,immed,1
5c284e32867f660001ae805e,110,1,1,1,21,15,30,158,2,0.453,immed,delay,1
5c284e32867f660001ae805e,110,1,1,1,21,31,35,129,1,1.142,delay,immed,1
5c284e32867f660001ae805e,110,1,1,1,21,13,35,27,1,1.086,delay,immed,1
5c284e32867f660001ae805e,110,1,1,1,21,17,25,9,,,immed,delay,
5c71bdec87f8cd0001b458f5,111,0,4,2,23,11,25,5,2,2.077,immed,delay,1
5c71bdec87f8cd0001b458f5,111,0,4,2,23,11,30,11,2,1.539,immed,delay,1
5c71bdec87f8cd0001b458f5,111,0,4,2,23,12,30,38,1,2.455,delay,immed,1
5c71bdec87f8cd0001b458f5,111,0,4,2,23,12,35,76,2,1.558,immed,delay,1
5c71bdec87f8cd0001b458f5,111,0,4,2,23,16,25,113,2,2.958,delay,immed,0
5c71bdec87f8cd0001b458f5,111,0,4,2,23,16,25,70,2,2.272,delay,immed,0
5c71bdec87f8cd0001b458f5,111,0,4,2,23,18,30,67,,,delay,immed,
5c71bdec87f8cd0001b458f5,111,0,4,2,23,19,25,20,1,3.258,immed,delay,0
5c71bdec87f8cd0001b458f5,111,0,4,2,23,21,30,171,1,1.556,immed,delay,0
5c71bdec87f8cd0001b458f5,111,0,4,2,23,25,35,4,2,3.442,immed,delay,1
5c71bdec87f8cd0001b458f5,111,0,4,2,23,30,35,3,2,1.641,immed,delay,1
5c71bdec87f8cd0001b458f5,111,0,4,2,23,32,35,59,2,3.022,delay,immed,0
5c71bdec87f8cd0001b458f5,111,0,4,2,23,30,35,42,2,2.091,delay,immed,0
5c71bdec87f8cd0001b458f5,111,0,4,2,23,15,30,158,1,2.891,immed,delay,0
5c71bdec87f8cd0001b458f5,111,0,4,2,23,31,35,129,2,1.605,delay,immed,0
5c71bdec87f8cd0001b458f5,111,0,4,2,23,13,35,27,1,2.157,delay,immed,1
5c71bdec87f8cd0001b458f5,111,0,4,2,23,17,25,9,2,2.124,immed,delay,1
5c71bdec87f8cd0001b458f5,111,1,4,2,23,11,25,5,2,1.396,immed,delay,1
5c71bdec87f8cd0001b458f5,111,1,4,2,23,11,30,11,2,1.657,immed,delay,1
5c71bdec87f8cd0001b458f5,111,1,4,2,23,12,30,38,1,3.641,delay,immed,1
5c71bdec87f8cd0001b458f5,111,1,4,2,23,12,35,76,1,1.589,immed,delay,0
5c71bdec87f8cd0001b458f5,111,1,4,2,23,16,25,113,2,2.357,delay,immed,0
5c71bdec87f8cd0001b458f5,111,1,4,2,23,16,25,70,2,1.792,delay,immed,0
5c71bdec87f8cd0001b458f5,111,1,4,2,23,18,30,67,,,delay,immed,
5c71bdec87f8cd0001b458f5,111,1,4,2,23,19,25,20,1,1.524,immed,delay,0
5c71bdec87f8cd0001b458f5,111,1,4,2,23,21,30,171,1,1.991,immed,delay,0
5c71bdec87f8cd0001b458f5,111,1,4,2,23,25,35,4,2,2.207,immed,delay,1
5c71bdec87f8cd0001b458f5,111,1,4,2,23,30,35,3,2,1.373,immed,delay,1
5c71bdec87f8cd0001b458f5,111,1,4,2,23,32,35,59,2,1.725,delay,immed,0
5c71bdec87f8cd0001b458f5,111,1,4,2,23,30,35,42,2,3.19,delay,immed,0
5c71bdec87f8cd0001b458f5,111,1,4,2,23,15,30,158,1,1.773,immed,delay,0
5c71bdec87f8cd0001b458f5,111,1,4,2,23,31,35,129,2,1.757,delay,immed,0
5c71bdec87f8cd0001b458f5,111,1,4,2,23,13,35,27,1,2.34,delay,immed,1
5c71bdec87f8cd0001b458f5,111,1,4,2,23,17,25,9,2,3.008,immed,delay,1
5c27b2157e42a600015bf8ef,112,0,4,1,19,11,25,5,2,1.68,immed,delay,1
5c27b2157e42a600015bf8ef,112,0,4,1,19,11,30,11,2,1.953,immed,delay,1
5c27b2157e42a600015bf8ef,112,0,4,1,19,12,30,38,2,2.722,delay,immed,0
5c27b2157e42a600015bf8ef,112,0,4,1,19,12,35,76,1,1.887,immed,delay,0
5c27b2157e42a600015bf8ef,112,0,4,1,19,16,25,113,2,1.704,delay,immed,0
5c27b2157e42a600015bf8ef,112,0,4,1,19,16,25,70,2,1.572,delay,immed,0
5c27b2157e42a600015bf8ef,112,0,4,1,19,18,30,67,2,1.32,delay,immed,0
5c27b2157e42a600015bf8ef,112,0,4,1,19,19,25,20,2,1.068,immed,delay,1
5c27b2157e42a600015bf8ef,112,0,4,1,19,21,30,171,1,1.171,immed,delay,0
5c27b2157e42a600015bf8ef,112,0,4,1,19,25,35,4,2,1.238,immed,delay,1
5c27b2157e42a600015bf8ef,112,0,4,1,19,30,35,3,2,1.006,immed,delay,1
5c27b2157e42a600015bf8ef,112,0,4,1,19,32,35,59,2,1.076,delay,immed,0
5c27b2157e42a600015bf8ef,112,0,4,1,19,30,35,42,2,1.065,delay,immed,0
5c27b2157e42a600015bf8ef,112,0,4,1,19,15,30,158,1,1.272,immed,delay,0
5c27b2157e42a600015bf8ef,112,0,4,1,19,31,35,129,2,0.957,delay,immed,0
5c27b2157e42a600015bf8ef,112,0,4,1,19,13,35,27,2,1.506,delay,immed,0
5c27b2157e42a600015bf8ef,112,0,4,1,19,17,25,9,2,1.392,immed,delay,1
5c27b2157e42a600015bf8ef,112,1,4,1,19,11,25,5,2,4.136,immed,delay,1
5c27b2157e42a600015bf8ef,112,1,4,1,19,11,30,11,2,1.743,immed,delay,1
5c27b2157e42a600015bf8ef,112,1,4,1,19,12,30,38,2,1.453,delay,immed,0
5c27b2157e42a600015bf8ef,112,1,4,1,19,12,35,76,1,1.558,immed,delay,0
5c27b2157e42a600015bf8ef,112,1,4,1,19,16,25,113,2,1.29,delay,immed,0
5c27b2157e42a600015bf8ef,112,1,4,1,19,16,25,70,2,1.49,delay,immed,0
5c27b2157e42a600015bf8ef,112,1,4,1,19,18,30,67,2,0.99,delay,immed,0
5c27b2157e42a600015bf8ef,112,1,4,1,19,19,25,20,2,1.571,immed,delay,1
5c27b2157e42a600015bf8ef,112,1,4,1,19,21,30,171,1,1.185,immed,delay,0
5c27b2157e42a600015bf8ef,112,1,4,1,19,25,35,4,2,1.622,immed,delay,1
5c27b2157e42a600015bf8ef,112,1,4,1,19,30,35,3,2,1.257,immed,delay,1
5c27b2157e42a600015bf8ef,112,1,4,1,19,32,35,59,2,1.454,delay,immed,0
5c27b2157e42a600015bf8ef,112,1,4,1,19,30,35,42,2,1.39,delay,immed,0
5c27b2157e42a600015bf8ef,112,1,4,1,19,15,30,158,1,1.024,immed,delay,0
5c27b2157e42a600015bf8ef,112,1,4,1,19,31,35,129,2,1.043,delay,immed,0
5c27b2157e42a600015bf8ef,112,1,4,1,19,13,35,27,1,1.725,delay,immed,1
5c27b2157e42a600015bf8ef,112,1,4,1,19,17,25,9,2,1.239,immed,delay,1
5d69954a07fadb001b9f0d51,113,0,3,2,19,11,25,5,2,2.297,immed,delay,1
5d69954a07fadb001b9f0d51,113,0,3,2,19,11,30,11,2,1.493,immed,delay,1
5d69954a07fadb001b9f0d51,113,0,3,2,19,12,30,38,1,2.159,delay,immed,1
5d69954a07fadb001b9f0d51,113,0,3,2,19,12,35,76,2,1.909,immed,delay,1
5d69954a07fadb001b9f0d51,113,0,3,2,19,16,25,113,1,2.743,delay,immed,1
5d69954a07fadb001b9f0d51,113,0,3,2,19,16,25,70,1,1.909,delay,immed,1
5d69954a07fadb001b9f0d51,113,0,3,2,19,18,30,67,1,1.676,delay,immed,1
5d69954a07fadb001b9f0d51,113,0,3,2,19,19,25,20,2,1.293,immed,delay,1
5d69954a07fadb001b9f0d51,113,0,3,2,19,21,30,171,2,2.01,immed,delay,1
5d69954a07fadb001b9f0d51,113,0,3,2,19,25,35,4,2,1.26,immed,delay,1
5d69954a07fadb001b9f0d51,113,0,3,2,19,30,35,3,2,1.759,immed,delay,1
5d69954a07fadb001b9f0d51,113,0,3,2,19,32,35,59,1,1.576,delay,immed,1
5d69954a07fadb001b9f0d51,113,0,3,2,19,30,35,42,1,0.727,delay,immed,1
5d69954a07fadb001b9f0d51,113,0,3,2,19,15,30,158,2,1.177,immed,delay,1
5d69954a07fadb001b9f0d51,113,0,3,2,19,31,35,129,1,1.96,delay,immed,1
5d69954a07fadb001b9f0d51,113,0,3,2,19,13,35,27,1,1.127,delay,immed,1
5d69954a07fadb001b9f0d51,113,0,3,2,19,17,25,9,2,0.71,immed,delay,1
5d69954a07fadb001b9f0d51,113,1,3,2,19,11,25,5,2,1.181,immed,delay,1
5d69954a07fadb001b9f0d51,113,1,3,2,19,11,30,11,2,0.859,immed,delay,1
5d69954a07fadb001b9f0d51,113,1,3,2,19,12,30,38,1,1.345,delay,immed,1
5d69954a07fadb001b9f0d51,113,1,3,2,19,12,35,76,2,2.076,immed,delay,1
5d69954a07fadb001b9f0d51,113,1,3,2,19,16,25,113,1,2.276,delay,immed,1
5d69954a07fadb001b9f0d51,113,1,3,2,19,16,25,70,1,1.593,delay,immed,1
5d69954a07fadb001b9f0d51,113,1,3,2,19,18,30,67,1,1.343,delay,immed,1
5d69954a07fadb001b9f0d51,113,1,3,2,19,19,25,20,2,1.243,immed,delay,1
5d69954a07fadb001b9f0d51,113,1,3,2,19,21,30,171,2,1.893,immed,delay,1
5d69954a07fadb001b9f0d51,113,1,3,2,19,25,35,4,2,1.226,immed,delay,1
5d69954a07fadb001b9f0d51,113,1,3,2,19,30,35,3,2,1.043,immed,delay,1
5d69954a07fadb001b9f0d51,113,1,3,2,19,32,35,59,1,1.476,delay,immed,1
5d69954a07fadb001b9f0d51,113,1,3,2,19,30,35,42,1,2.444,delay,immed,1
5d69954a07fadb001b9f0d51,113,1,3,2,19,15,30,158,2,1.351,immed,delay,1
5d69954a07fadb001b9f0d51,113,1,3,2,19,31,35,129,1,1.126,delay,immed,1
5d69954a07fadb001b9f0d51,113,1,3,2,19,13,35,27,1,2.377,delay,immed,1
5d69954a07fadb001b9f0d51,113,1,3,2,19,17,25,9,2,0.977,immed,delay,1
5db89792ad8fd5000c855134,114,0,3,1,29,11,25,5,,,immed,delay,
5db89792ad8fd5000c855134,114,0,3,1,29,11,30,11,2,1.636,immed,delay,1
5db89792ad8fd5000c855134,114,0,3,1,29,12,30,38,1,2.005,delay,immed,1
5db89792ad8fd5000c855134,114,0,3,1,29,12,35,76,2,2.923,immed,delay,1
5db89792ad8fd5000c855134,114,0,3,1,29,16,25,113,1,1.887,delay,immed,1
5db89792ad8fd5000c855134,114,0,3,1,29,16,25,70,1,1.5,delay,immed,1
5db89792ad8fd5000c855134,114,0,3,1,29,18,30,67,1,1.058,delay,immed,1
5db89792ad8fd5000c855134,114,0,3,1,29,19,25,20,2,1.288,immed,delay,1
5db89792ad8fd5000c855134,114,0,3,1,29,21,30,171,2,0.903,immed,delay,1
5db89792ad8fd5000c855134,114,0,3,1,29,25,35,4,2,1.087,immed,delay,1
5db89792ad8fd5000c855134,114,0,3,1,29,30,35,3,2,1.003,immed,delay,1
5db89792ad8fd5000c855134,114,0,3,1,29,32,35,59,1,1.005,delay,immed,1
5db89792ad8fd5000c855134,114,0,3,1,29,30,35,42,1,2.536,delay,immed,1
5db89792ad8fd5000c855134,114,0,3,1,29,15,30,158,2,1.139,immed,delay,1
5db89792ad8fd5000c855134,114,0,3,1,29,31,35,129,1,1.103,delay,immed,1
5db89792ad8fd5000c855134,114,0,3,1,29,13,35,27,1,1.235,delay,immed,1
5db89792ad8fd5000c855134,114,0,3,1,29,17,25,9,2,1.036,immed,delay,1
5db89792ad8fd5000c855134,114,1,3,1,29,11,25,5,2,1.542,immed,delay,1
5db89792ad8fd5000c855134,114,1,3,1,29,11,30,11,2,1.021,immed,delay,1
5db89792ad8fd5000c855134,114,1,3,1,29,12,30,38,1,1.025,delay,immed,1
5db89792ad8fd5000c855134,114,1,3,1,29,12,35,76,2,1.069,immed,delay,1
5db89792ad8fd5000c855134,114,1,3,1,29,16,25,113,1,1.203,delay,immed,1
5db89792ad8fd5000c855134,114,1,3,1,29,16,25,70,1,1.302,delay,immed,1
5db89792ad8fd5000c855134,114,1,3,1,29,18,30,67,1,1.137,delay,immed,1
5db89792ad8fd5000c855134,114,1,3,1,29,19,25,20,2,1.519,immed,delay,1
5db89792ad8fd5000c855134,114,1,3,1,29,21,30,171,2,1.702,immed,delay,1
5db89792ad8fd5000c855134,114,1,3,1,29,25,35,4,2,2.204,immed,delay,1
5db89792ad8fd5000c855134,114,1,3,1,29,30,35,3,2,1.355,immed,delay,1
5db89792ad8fd5000c855134,114,1,3,1,29,32,35,59,1,2.488,delay,immed,1
5db89792ad8fd5000c855134,114,1,3,1,29,30,35,42,1,1.602,delay,immed,1
5db89792ad8fd5000c855134,114,1,3,1,29,15,30,158,2,2.235,immed,delay,1
5db89792ad8fd5000c855134,114,1,3,1,29,31,35,129,1,1.186,delay,immed,1
5db89792ad8fd5000c855134,114,1,3,1,29,13,35,27,1,2.438,delay,immed,1
5db89792ad8fd5000c855134,114,1,3,1,29,17,25,9,2,0.885,immed,delay,1
5d961525e4f8b40017833260,115,0,1,1,29,11,25,5,,,immed,delay,
5d961525e4f8b40017833260,115,0,1,1,29,11,30,11,1,4.201,immed,delay,0
5d961525e4f8b40017833260,115,0,1,1,29,12,30,38,2,1.301,delay,immed,0
5d961525e4f8b40017833260,115,0,1,1,29,12,35,76,1,1.742,immed,delay,0
5d961525e4f8b40017833260,115,0,1,1,29,16,25,113,2,1.882,delay,immed,0
5d961525e4f8b40017833260,115,0,1,1,29,16,25,70,2,3.301,delay,immed,0
5d961525e4f8b40017833260,115,0,1,1,29,18,30,67,2,1.62,delay,immed,0
5d961525e4f8b40017833260,115,0,1,1,29,19,25,20,1,2.699,immed,delay,0
5d961525e4f8b40017833260,115,0,1,1,29,21,30,171,1,1.887,immed,delay,0
5d961525e4f8b40017833260,115,0,1,1,29,25,35,4,1,1.329,immed,delay,0
5d961525e4f8b40017833260,115,0,1,1,29,30,35,3,1,1.57,immed,delay,0
5d961525e4f8b40017833260,115,0,1,1,29,32,35,59,,,delay,immed,
5d961525e4f8b40017833260,115,0,1,1,29,30,35,42,2,2.256,delay,immed,0
5d961525e4f8b40017833260,115,0,1,1,29,15,30,158,1,2.415,immed,delay,0
5d961525e4f8b40017833260,115,0,1,1,29,31,35,129,2,3.637,delay,immed,0
5d961525e4f8b40017833260,115,0,1,1,29,13,35,27,1,4.337,delay,immed,1
5d961525e4f8b40017833260,115,0,1,1,29,17,25,9,1,2.333,immed,delay,0
5d961525e4f8b40017833260,115,1,1,1,29,11,25,5,1,1.628,immed,delay,0
5d961525e4f8b40017833260,115,1,1,1,29,11,30,11,1,1.948,immed,delay,0
5d961525e4f8b40017833260,115,1,1,1,29,12,30,38,2,2.52,delay,immed,0
5d961525e4f8b40017833260,115,1,1,1,29,12,35,76,1,3.873,immed,delay,0
5d961525e4f8b40017833260,115,1,1,1,29,16,25,113,2,1.472,delay,immed,0
5d961525e4f8b40017833260,115,1,1,1,29,16,25,70,2,1.172,delay,immed,0
5d961525e4f8b40017833260,115,1,1,1,29,18,30,67,2,2.311,delay,immed,0
5d961525e4f8b40017833260,115,1,1,1,29,19,25,20,1,2.135,immed,delay,0
5d961525e4f8b40017833260,115,1,1,1,29,21,30,171,1,2.014,immed,delay,0
5d961525e4f8b40017833260,115,1,1,1,29,25,35,4,1,2.586,immed,delay,0
5d961525e4f8b40017833260,115,1,1,1,29,30,35,3,1,2.357,immed,delay,0
5d961525e4f8b40017833260,115,1,1,1,29,32,35,59,2,2.767,delay,immed,0
5d961525e4f8b40017833260,115,1,1,1,29,30,35,42,2,3.019,delay,immed,0
5d961525e4f8b40017833260,115,1,1,1,29,15,30,158,1,3.958,immed,delay,0
5d961525e4f8b40017833260,115,1,1,1,29,31,35,129,2,1.929,delay,immed,0
5d961525e4f8b40017833260,115,1,1,1,29,13,35,27,2,2.529,delay,immed,0
5d961525e4f8b40017833260,115,1,1,1,29,17,25,9,1,2.334,immed,delay,0
5a5c23afe0cf3d0001268781,116,0,1,2,23,11,25,5,2,1.322,immed,delay,1
5a5c23afe0cf3d0001268781,116,0,1,2,23,11,30,11,2,1.351,immed,delay,1
5a5c23afe0cf3d0001268781,116,0,1,2,23,12,30,38,1,3.264,delay,immed,1
5a5c23afe0cf3d0001268781,116,0,1,2,23,12,35,76,1,2.101,immed,delay,0
5a5c23afe0cf3d0001268781,116,0,1,2,23,16,25,113,2,1.717,delay,immed,0
5a5c23afe0cf3d0001268781,116,0,1,2,23,16,25,70,2,2.833,delay,immed,0
5a5c23afe0cf3d0001268781,116,0,1,2,23,18,30,67,2,1.766,delay,immed,0
5a5c23afe0cf3d0001268781,116,0,1,2,23,19,25,20,2,1.432,immed,delay,1
5a5c23afe0cf3d0001268781,116,0,1,2,23,21,30,171,1,1.933,immed,delay,0
5a5c23afe0cf3d0001268781,116,0,1,2,23,25,35,4,2,1.784,immed,delay,1
5a5c23afe0cf3d0001268781,116,0,1,2,23,30,35,3,2,1.518,immed,delay,1
5a5c23afe0cf3d0001268781,116,0,1,2,23,32,35,59,2,1.92,delay,immed,0
5a5c23afe0cf3d0001268781,116,0,1,2,23,30,35,42,2,2.385,delay,immed,0
5a5c23afe0cf3d0001268781,116,0,1,2,23,15,30,158,1,1.972,immed,delay,0
5a5c23afe0cf3d0001268781,116,0,1,2,23,31,35,129,2,1.784,delay,immed,0
5a5c23afe0cf3d0001268781,116,0,1,2,23,13,35,27,1,2.885,delay,immed,1
5a5c23afe0cf3d0001268781,116,0,1,2,23,17,25,9,2,1.27,immed,delay,1
5a5c23afe0cf3d0001268781,116,1,1,2,23,11,25,5,2,1.672,immed,delay,1
5a5c23afe0cf3d0001268781,116,1,1,2,23,11,30,11,2,1.093,immed,delay,1
5a5c23afe0cf3d0001268781,116,1,1,2,23,12,30,38,1,2.41,delay,immed,1
5a5c23afe0cf3d0001268781,116,1,1,2,23,12,35,76,1,2.227,immed,delay,0
5a5c23afe0cf3d0001268781,116,1,1,2,23,16,25,113,2,1.378,delay,immed,0
5a5c23afe0cf3d0001268781,116,1,1,2,23,16,25,70,2,1.194,delay,immed,0
5a5c23afe0cf3d0001268781,116,1,1,2,23,18,30,67,2,2.26,delay,immed,0
5a5c23afe0cf3d0001268781,116,1,1,2,23,19,25,20,1,2.092,immed,delay,0
5a5c23afe0cf3d0001268781,116,1,1,2,23,21,30,171,1,1.694,immed,delay,0
5a5c23afe0cf3d0001268781,116,1,1,2,23,25,35,4,1,1.06,immed,delay,0
5a5c23afe0cf3d0001268781,116,1,1,2,23,30,35,3,2,2.394,immed,delay,1
5a5c23afe0cf3d0001268781,116,1,1,2,23,32,35,59,2,2.643,delay,immed,0
5a5c23afe0cf3d0001268781,116,1,1,2,23,30,35,42,2,1.628,delay,immed,0
5a5c23afe0cf3d0001268781,116,1,1,2,23,15,30,158,1,1.51,immed,delay,0
5a5c23afe0cf3d0001268781,116,1,1,2,23,31,35,129,2,1.278,delay,immed,0
5a5c23afe0cf3d0001268781,116,1,1,2,23,13,35,27,1,1.761,delay,immed,1
5a5c23afe0cf3d0001268781,116,1,1,2,23,17,25,9,2,0.977,immed,delay,1
5d864d6a4a57c90016be4809,117,0,1,1,22,11,25,5,2,2.723,immed,delay,1
5d864d6a4a57c90016be4809,117,0,1,1,22,11,30,11,2,2.826,immed,delay,1
5d864d6a4a57c90016be4809,117,0,1,1,22,12,30,38,,,delay,immed,0
5d864d6a4a57c90016be4809,117,0,1,1,22,12,35,76,1,2.958,immed,delay,0
5d864d6a4a57c90016be4809,117,0,1,1,22,16,25,113,2,2.425,delay,immed,0
5d864d6a4a57c90016be4809,117,0,1,1,22,16,25,70,2,2.525,delay,immed,0
5d864d6a4a57c90016be4809,117,0,1,1,22,18,30,67,2,2.826,delay,immed,0
5d864d6a4a57c90016be4809,117,0,1,1,22,19,25,20,1,1.926,immed,delay,0
5d864d6a4a57c90016be4809,117,0,1,1,22,21,30,171,1,2.608,immed,delay,0
5d864d6a4a57c90016be4809,117,0,1,1,22,25,35,4,1,2.623,immed,delay,0
5d864d6a4a57c90016be4809,117,0,1,1,22,30,35,3,2,2.025,immed,delay,1
5d864d6a4a57c90016be4809,117,0,1,1,22,32,35,59,2,2.558,delay,immed,0
5d864d6a4a57c90016be4809,117,0,1,1,22,30,35,42,2,2.742,delay,immed,0
5d864d6a4a57c90016be4809,117,0,1,1,22,15,30,158,1,2.942,immed,delay,0
5d864d6a4a57c90016be4809,117,0,1,1,22,31,35,129,2,2.159,delay,immed,0
5d864d6a4a57c90016be4809,117,0,1,1,22,13,35,27,1,2.625,delay,immed,1
5d864d6a4a57c90016be4809,117,0,1,1,22,17,25,9,2,2.19,immed,delay,1
5d864d6a4a57c90016be4809,117,1,1,1,22,11,25,5,2,1.99,immed,delay,1
5d864d6a4a57c90016be4809,117,1,1,1,22,11,30,11,2,1.975,immed,delay,1
5d864d6a4a57c90016be4809,117,1,1,1,22,12,30,38,2,2.957,delay,immed,0
5d864d6a4a57c90016be4809,117,1,1,1,22,12,35,76,2,2.725,immed,delay,0
5d864d6a4a57c90016be4809,117,1,1,1,22,16,25,113,2,1.99,delay,immed,0
5d864d6a4a57c90016be4809,117,1,1,1,22,16,25,70,2,1.975,delay,immed,0
5d864d6a4a57c90016be4809,117,1,1,1,22,18,30,67,2,2.908,delay,immed,0
5d864d6a4a57c90016be4809,117,1,1,1,22,19,25,20,1,1.542,immed,delay,0
5d864d6a4a57c90016be4809,117,1,1,1,22,21,30,171,1,1.693,immed,delay,0
5d864d6a4a57c90016be4809,117,1,1,1,22,25,35,4,2,2.576,immed,delay,1
5d864d6a4a57c90016be4809,117,1,1,1,22,30,35,3,2,1.743,immed,delay,1
5d864d6a4a57c90016be4809,117,1,1,1,22,32,35,59,2,2.126,delay,immed,0
5d864d6a4a57c90016be4809,117,1,1,1,22,30,35,42,2,1.908,delay,immed,0
5d864d6a4a57c90016be4809,117,1,1,1,22,15,30,158,1,1.677,immed,delay,0
5d864d6a4a57c90016be4809,117,1,1,1,22,31,35,129,2,2.026,delay,immed,0
5d864d6a4a57c90016be4809,117,1,1,1,22,13,35,27,1,2.209,delay,immed,1
5d864d6a4a57c90016be4809,117,1,1,1,22,17,25,9,2,1.907,immed,delay,1
56e076de907c12000be3ac99,118,0,1,1,28,11,25,5,2,1.859,immed,delay,1
56e076de907c12000be3ac99,118,0,1,1,28,11,30,11,2,2.001,immed,delay,1
56e076de907c12000be3ac99,118,0,1,1,28,12,30,38,2,2.133,delay,immed,0
56e076de907c12000be3ac99,118,0,1,1,28,12,35,76,1,1.484,immed,delay,0
56e076de907c12000be3ac99,118,0,1,1,28,16,25,113,2,2.065,delay,immed,0
56e076de907c12000be3ac99,118,0,1,1,28,16,25,70,2,1.559,delay,immed,0
56e076de907c12000be3ac99,118,0,1,1,28,18,30,67,2,1.071,delay,immed,0
56e076de907c12000be3ac99,118,0,1,1,28,19,25,20,1,1.471,immed,delay,0
56e076de907c12000be3ac99,118,0,1,1,28,21,30,171,1,1.055,immed,delay,0
56e076de907c12000be3ac99,118,0,1,1,28,25,35,4,1,1.248,immed,delay,0
56e076de907c12000be3ac99,118,0,1,1,28,30,35,3,1,1.159,immed,delay,0
56e076de907c12000be3ac99,118,0,1,1,28,32,35,59,2,1.506,delay,immed,0
56e076de907c12000be3ac99,118,0,1,1,28,30,35,42,2,1.163,delay,immed,0
56e076de907c12000be3ac99,118,0,1,1,28,15,30,158,1,1.791,immed,delay,0
56e076de907c12000be3ac99,118,0,1,1,28,31,35,129,2,1.272,delay,immed,0
56e076de907c12000be3ac99,118,0,1,1,28,13,35,27,2,1.221,delay,immed,0
56e076de907c12000be3ac99,118,0,1,1,28,17,25,9,1,0.903,immed,delay,0
56e076de907c12000be3ac99,118,1,1,1,28,11,25,5,2,1.929,immed,delay,1
56e076de907c12000be3ac99,118,1,1,1,28,11,30,11,2,1.835,immed,delay,1
56e076de907c12000be3ac99,118,1,1,1,28,12,30,38,2,1.623,delay,immed,0
56e076de907c12000be3ac99,118,1,1,1,28,12,35,76,1,1.222,immed,delay,0
56e076de907c12000be3ac99,118,1,1,1,28,16,25,113,2,1.462,delay,immed,0
56e076de907c12000be3ac99,118,1,1,1,28,16,25,70,2,1.278,delay,immed,0
56e076de907c12000be3ac99,118,1,1,1,28,18,30,67,2,0.961,delay,immed,0
56e076de907c12000be3ac99,118,1,1,1,28,19,25,20,1,1.367,immed,delay,0
56e076de907c12000be3ac99,118,1,1,1,28,21,30,171,1,1.438,immed,delay,0
56e076de907c12000be3ac99,118,1,1,1,28,25,35,4,1,0.97,immed,delay,0
56e076de907c12000be3ac99,118,1,1,1,28,30,35,3,1,1.627,immed,delay,0
56e076de907c12000be3ac99,118,1,1,1,28,32,35,59,2,1.404,delay,immed,0
56e076de907c12000be3ac99,118,1,1,1,28,30,35,42,2,1.041,delay,immed,0
56e076de907c12000be3ac99,118,1,1,1,28,15,30,158,1,1.23,immed,delay,0
56e076de907c12000be3ac99,118,1,1,1,28,31,35,129,2,1.126,delay,immed,0
56e076de907c12000be3ac99,118,1,1,1,28,13,35,27,2,1.111,delay,immed,0
56e076de907c12000be3ac99,118,1,1,1,28,17,25,9,1,1.226,immed,delay,0
5c6f459b398a230001bb0031,119,0,2,1,31,11,25,5,2,1.936,immed,delay,1
5c6f459b398a230001bb0031,119,0,2,1,31,11,30,11,2,3.785,immed,delay,1
5c6f459b398a230001bb0031,119,0,2,1,31,12,30,38,2,3.321,delay,immed,0
5c6f459b398a230001bb0031,119,0,2,1,31,12,35,76,1,2.673,immed,delay,0
5c6f459b398a230001bb0031,119,0,2,1,31,16,25,113,2,2.311,delay,immed,0
5c6f459b398a230001bb0031,119,0,2,1,31,16,25,70,2,2.334,delay,immed,0
5c6f459b398a230001bb0031,119,0,2,1,31,18,30,67,2,1.825,delay,immed,0
5c6f459b398a230001bb0031,119,0,2,1,31,19,25,20,1,2.047,immed,delay,0
5c6f459b398a230001bb0031,119,0,2,1,31,21,30,171,1,2.214,immed,delay,0
5c6f459b398a230001bb0031,119,0,2,1,31,25,35,4,2,2.934,immed,delay,1
5c6f459b398a230001bb0031,119,0,2,1,31,30,35,3,2,1.662,immed,delay,1
5c6f459b398a230001bb0031,119,0,2,1,31,32,35,59,2,1.573,delay,immed,0
5c6f459b398a230001bb0031,119,0,2,1,31,30,35,42,2,1.343,delay,immed,0
5c6f459b398a230001bb0031,119,0,2,1,31,15,30,158,1,0.882,immed,delay,0
5c6f459b398a230001bb0031,119,0,2,1,31,31,35,129,2,1.618,delay,immed,0
5c6f459b398a230001bb0031,119,0,2,1,31,13,35,27,2,2.18,delay,immed,0
5c6f459b398a230001bb0031,119,0,2,1,31,17,25,9,1,2.551,immed,delay,0
5c6f459b398a230001bb0031,119,1,2,1,31,11,25,5,2,2.897,immed,delay,1
5c6f459b398a230001bb0031,119,1,2,1,31,11,30,11,2,2.266,immed,delay,1
5c6f459b398a230001bb0031,119,1,2,1,31,12,30,38,2,2.222,delay,immed,0
5c6f459b398a230001bb0031,119,1,2,1,31,12,35,76,1,1.011,immed,delay,0
5c6f459b398a230001bb0031,119,1,2,1,31,16,25,113,2,1.812,delay,immed,0
5c6f459b398a230001bb0031,119,1,2,1,31,16,25,70,2,1.082,delay,immed,0
5c6f459b398a230001bb0031,119,1,2,1,31,18,30,67,2,1.528,delay,immed,0
5c6f459b398a230001bb0031,119,1,2,1,31,19,25,20,1,1.595,immed,delay,0
5c6f459b398a230001bb0031,119,1,2,1,31,21,30,171,1,1.081,immed,delay,0
5c6f459b398a230001bb0031,119,1,2,1,31,25,35,4,2,1.685,immed,delay,1
5c6f459b398a230001bb0031,119,1,2,1,31,30,35,3,2,1.027,immed,delay,1
5c6f459b398a230001bb0031,119,1,2,1,31,32,35,59,2,1.573,delay,immed,0
5c6f459b398a230001bb0031,119,1,2,1,31,30,35,42,2,1.476,delay,immed,0
5c6f459b398a230001bb0031,119,1,2,1,31,15,30,158,1,2.315,immed,delay,0
5c6f459b398a230001bb0031,119,1,2,1,31,31,35,129,2,1.117,delay,immed,0
5c6f459b398a230001bb0031,119,1,2,1,31,13,35,27,2,1.219,delay,immed,0
5c6f459b398a230001bb0031,119,1,2,1,31,17,25,9,1,1.599,immed,delay,0
5d8a77b716a9bf0001d969aa,120,0,1,2,19,11,25,5,2,2.026,immed,delay,1
5d8a77b716a9bf0001d969aa,120,0,1,2,19,11,30,11,2,1.543,immed,delay,1
5d8a77b716a9bf0001d969aa,120,0,1,2,19,12,30,38,1,2.239,delay,immed,1
5d8a77b716a9bf0001d969aa,120,0,1,2,19,12,35,76,2,1.25,immed,delay,0
5d8a77b716a9bf0001d969aa,120,0,1,2,19,16,25,113,2,2.474,delay,immed,0
5d8a77b716a9bf0001d969aa,120,0,1,2,19,16,25,70,1,1.254,delay,immed,0
5d8a77b716a9bf0001d969aa,120,0,1,2,19,18,30,67,1,2.17,delay,immed,0
5d8a77b716a9bf0001d969aa,120,0,1,2,19,19,25,20,2,1.492,immed,delay,1
5d8a77b716a9bf0001d969aa,120,0,1,2,19,21,30,171,1,1.874,immed,delay,0
5d8a77b716a9bf0001d969aa,120,0,1,2,19,25,35,4,2,2.026,immed,delay,1
5d8a77b716a9bf0001d969aa,120,0,1,2,19,30,35,3,2,1.746,immed,delay,1
5d8a77b716a9bf0001d969aa,120,0,1,2,19,32,35,59,2,2.872,delay,immed,0
5d8a77b716a9bf0001d969aa,120,0,1,2,19,30,35,42,2,2.143,delay,immed,0
5d8a77b716a9bf0001d969aa,120,0,1,2,19,15,30,158,2,2.095,immed,delay,0
5d8a77b716a9bf0001d969aa,120,0,1,2,19,31,35,129,2,1.954,delay,immed,0
5d8a77b716a9bf0001d969aa,120,0,1,2,19,13,35,27,1,1.704,delay,immed,1
5d8a77b716a9bf0001d969aa,120,0,1,2,19,17,25,9,2,1.877,immed,delay,1
5d8a77b716a9bf0001d969aa,120,1,1,2,19,11,25,5,2,2.048,immed,delay,1
5d8a77b716a9bf0001d969aa,120,1,1,2,19,11,30,11,2,2.393,immed,delay,1
5d8a77b716a9bf0001d969aa,120,1,1,2,19,12,30,38,1,1.456,delay,immed,1
5d8a77b716a9bf0001d969aa,120,1,1,2,19,12,35,76,2,2.22,immed,delay,0
5d8a77b716a9bf0001d969aa,120,1,1,2,19,16,25,113,1,2.574,delay,immed,0
5d8a77b716a9bf0001d969aa,120,1,1,2,19,16,25,70,1,1.904,delay,immed,0
5d8a77b716a9bf0001d969aa,120,1,1,2,19,18,30,67,1,3.326,delay,immed,0
5d8a77b716a9bf0001d969aa,120,1,1,2,19,19,25,20,2,4.506,immed,delay,1
5d8a77b716a9bf0001d969aa,120,1,1,2,19,21,30,171,1,3.153,immed,delay,0
5d8a77b716a9bf0001d969aa,120,1,1,2,19,25,35,4,2,1.176,immed,delay,1
5d8a77b716a9bf0001d969aa,120,1,1,2,19,30,35,3,2,3.596,immed,delay,1
5d8a77b716a9bf0001d969aa,120,1,1,2,19,32,35,59,1,2.875,delay,immed,0
5d8a77b716a9bf0001d969aa,120,1,1,2,19,30,35,42,1,3.091,delay,immed,0
5d8a77b716a9bf0001d969aa,120,1,1,2,19,15,30,158,2,4.275,immed,delay,0
5d8a77b716a9bf0001d969aa,120,1,1,2,19,31,35,129,2,2.055,delay,immed,0
5d8a77b716a9bf0001d969aa,120,1,1,2,19,13,35,27,1,2.026,delay,immed,1
5d8a77b716a9bf0001d969aa,120,1,1,2,19,17,25,9,2,1.806,immed,delay,1
5befb6e27c387400016983bf,121,0,1,1,33,11,25,5,2,1.52,immed,delay,1
5befb6e27c387400016983bf,121,0,1,1,33,11,30,11,2,1.386,immed,delay,1
5befb6e27c387400016983bf,121,0,1,1,33,12,30,38,1,2.389,delay,immed,1
5befb6e27c387400016983bf,121,0,1,1,33,12,35,76,2,1.738,immed,delay,0
5befb6e27c387400016983bf,121,0,1,1,33,16,25,113,2,2.437,delay,immed,0
5befb6e27c387400016983bf,121,0,1,1,33,16,25,70,2,3.326,delay,immed,0
5befb6e27c387400016983bf,121,0,1,1,33,18,30,67,2,1.96,delay,immed,0
5befb6e27c387400016983bf,121,0,1,1,33,19,25,20,1,3.052,immed,delay,0
5befb6e27c387400016983bf,121,0,1,1,33,21,30,171,1,1.626,immed,delay,0
5befb6e27c387400016983bf,121,0,1,1,33,25,35,4,2,1.486,immed,delay,1
5befb6e27c387400016983bf,121,0,1,1,33,30,35,3,2,1.937,immed,delay,1
5befb6e27c387400016983bf,121,0,1,1,33,32,35,59,2,1.788,delay,immed,0
5befb6e27c387400016983bf,121,0,1,1,33,30,35,42,2,1.474,delay,immed,0
5befb6e27c387400016983bf,121,0,1,1,33,15,30,158,1,1.659,immed,delay,0
5befb6e27c387400016983bf,121,0,1,1,33,31,35,129,2,1.842,delay,immed,0
5befb6e27c387400016983bf,121,0,1,1,33,13,35,27,1,2.16,delay,immed,1
5befb6e27c387400016983bf,121,0,1,1,33,17,25,9,2,1.668,immed,delay,1
5befb6e27c387400016983bf,121,1,1,1,33,11,25,5,2,1.636,immed,delay,1
5befb6e27c387400016983bf,121,1,1,1,33,11,30,11,2,1.574,immed,delay,1
5befb6e27c387400016983bf,121,1,1,1,33,12,30,38,1,2.271,delay,immed,1
5befb6e27c387400016983bf,121,1,1,1,33,12,35,76,1,2.358,immed,delay,0
5befb6e27c387400016983bf,121,1,1,1,33,16,25,113,2,1.542,delay,immed,0
5befb6e27c387400016983bf,121,1,1,1,33,16,25,70,2,2.474,delay,immed,0
5befb6e27c387400016983bf,121,1,1,1,33,18,30,67,2,2.26,delay,immed,0
5befb6e27c387400016983bf,121,1,1,1,33,19,25,20,1,2.724,immed,delay,0
5befb6e27c387400016983bf,121,1,1,1,33,21,30,171,1,2.226,immed,delay,0
5befb6e27c387400016983bf,121,1,1,1,33,25,35,4,2,1.476,immed,delay,1
5befb6e27c387400016983bf,121,1,1,1,33,30,35,3,2,2.125,immed,delay,1
5befb6e27c387400016983bf,121,1,1,1,33,32,35,59,2,2.09,delay,immed,0
5befb6e27c387400016983bf,121,1,1,1,33,30,35,42,2,2.444,delay,immed,0
5befb6e27c387400016983bf,121,1,1,1,33,15,30,158,1,2.257,immed,delay,0
5befb6e27c387400016983bf,121,1,1,1,33,31,35,129,2,2.06,delay,immed,0
5befb6e27c387400016983bf,121,1,1,1,33,13,35,27,1,3.74,delay,immed,1
5befb6e27c387400016983bf,121,1,1,1,33,17,25,9,2,2.693,immed,delay,1
5c935d881754ba001b25697a,122,0,1,2,35,11,25,5,2,1.431,immed,delay,1
5c935d881754ba001b25697a,122,0,1,2,35,11,30,11,2,1.228,immed,delay,1
5c935d881754ba001b25697a,122,0,1,2,35,12,30,38,1,1.36,delay,immed,1
5c935d881754ba001b25697a,122,0,1,2,35,12,35,76,2,1.194,immed,delay,0
5c935d881754ba001b25697a,122,0,1,2,35,16,25,113,1,2.463,delay,immed,0
5c935d881754ba001b25697a,122,0,1,2,35,16,25,70,1,1.995,delay,immed,0
5c935d881754ba001b25697a,122,0,1,2,35,18,30,67,1,1.528,delay,immed,0
5c935d881754ba001b25697a,122,0,1,2,35,19,25,20,2,1.595,immed,delay,1
5c935d881754ba001b25697a,122,0,1,2,35,21,30,171,1,2.146,immed,delay,0
5c935d881754ba001b25697a,122,0,1,2,35,25,35,4,2,1.495,immed,delay,1
5c935d881754ba001b25697a,122,0,1,2,35,30,35,3,2,1.261,immed,delay,1
5c935d881754ba001b25697a,122,0,1,2,35,32,35,59,2,2.412,delay,immed,0
5c935d881754ba001b25697a,122,0,1,2,35,30,35,42,2,2.83,delay,immed,0
5c935d881754ba001b25697a,122,0,1,2,35,15,30,158,1,2.647,immed,delay,0
5c935d881754ba001b25697a,122,0,1,2,35,31,35,129,2,1.896,delay,immed,0
5c935d881754ba001b25697a,122,0,1,2,35,13,35,27,1,2.013,delay,immed,1
5c935d881754ba001b25697a,122,0,1,2,35,17,25,9,2,1.478,immed,delay,1
5c935d881754ba001b25697a,122,1,1,2,35,11,25,5,2,1.197,immed,delay,1
5c935d881754ba001b25697a,122,1,1,2,35,11,30,11,2,1.044,immed,delay,1
5c935d881754ba001b25697a,122,1,1,2,35,12,30,38,1,1.477,delay,immed,1
5c935d881754ba001b25697a,122,1,1,2,35,12,35,76,2,1.011,immed,delay,0
5c935d881754ba001b25697a,122,1,1,2,35,16,25,113,2,2.945,delay,immed,0
5c935d881754ba001b25697a,122,1,1,2,35,16,25,70,1,4.015,delay,immed,0
5c935d881754ba001b25697a,122,1,1,2,35,18,30,67,1,2.196,delay,immed,0
5c935d881754ba001b25697a,122,1,1,2,35,19,25,20,2,2.212,immed,delay,1
5c935d881754ba001b25697a,122,1,1,2,35,21,30,171,1,1.644,immed,delay,0
5c935d881754ba001b25697a,122,1,1,2,35,25,35,4,2,1.262,immed,delay,1
5c935d881754ba001b25697a,122,1,1,2,35,30,35,3,2,1.962,immed,delay,1
5c935d881754ba001b25697a,122,1,1,2,35,32,35,59,2,2.346,delay,immed,0
5c935d881754ba001b25697a,122,1,1,2,35,30,35,42,2,3.131,delay,immed,0
5c935d881754ba001b25697a,122,1,1,2,35,15,30,158,1,2.663,immed,delay,0
5c935d881754ba001b25697a,122,1,1,2,35,31,35,129,2,2.212,delay,immed,0
5c935d881754ba001b25697a,122,1,1,2,35,13,35,27,1,2.363,delay,immed,1
5c935d881754ba001b25697a,122,1,1,2,35,17,25,9,2,2.778,immed,delay,1
5ae2867208674000015fd204,123,0,2,2,34,11,25,5,2,2.353,immed,delay,1
5ae2867208674000015fd204,123,0,2,2,34,11,30,11,1,2.411,immed,delay,0
5ae2867208674000015fd204,123,0,2,2,34,12,30,38,2,1.915,delay,immed,0
5ae2867208674000015fd204,123,0,2,2,34,12,35,76,1,1.848,immed,delay,0
5ae2867208674000015fd204,123,0,2,2,34,16,25,113,2,1.663,delay,immed,0
5ae2867208674000015fd204,123,0,2,2,34,16,25,70,2,1.468,delay,immed,0
5ae2867208674000015fd204,123,0,2,2,34,18,30,67,2,1.116,delay,immed,0
5ae2867208674000015fd204,123,0,2,2,34,19,25,20,1,1.401,immed,delay,0
5ae2867208674000015fd204,123,0,2,2,34,21,30,171,1,1.019,immed,delay,0
5ae2867208674000015fd204,123,0,2,2,34,25,35,4,2,1.717,immed,delay,1
5ae2867208674000015fd204,123,0,2,2,34,30,35,3,2,1.285,immed,delay,1
5ae2867208674000015fd204,123,0,2,2,34,32,35,59,2,1.684,delay,immed,0
5ae2867208674000015fd204,123,0,2,2,34,30,35,42,2,1.417,delay,immed,0
5ae2867208674000015fd204,123,0,2,2,34,15,30,158,1,1.055,immed,delay,0
5ae2867208674000015fd204,123,0,2,2,34,31,35,129,2,1.185,delay,immed,0
5ae2867208674000015fd204,123,0,2,2,34,13,35,27,2,1.202,delay,immed,0
5ae2867208674000015fd204,123,0,2,2,34,17,25,9,1,1.968,immed,delay,0
5ae2867208674000015fd204,123,1,2,2,34,11,25,5,1,3.572,immed,delay,0
5ae2867208674000015fd204,123,1,2,2,34,11,30,11,1,2.015,immed,delay,0
5ae2867208674000015fd204,123,1,2,2,34,12,30,38,2,1.251,delay,immed,0
5ae2867208674000015fd204,123,1,2,2,34,12,35,76,1,0.902,immed,delay,0
5ae2867208674000015fd204,123,1,2,2,34,16,25,113,2,1.053,delay,immed,0
5ae2867208674000015fd204,123,1,2,2,34,16,25,70,2,1.002,delay,immed,0
5ae2867208674000015fd204,123,1,2,2,34,18,30,67,2,0.787,delay,immed,0
5ae2867208674000015fd204,123,1,2,2,34,19,25,20,1,1.204,immed,delay,0
5ae2867208674000015fd204,123,1,2,2,34,21,30,171,1,0.737,immed,delay,0
5ae2867208674000015fd204,123,1,2,2,34,25,35,4,1,0.867,immed,delay,0
5ae2867208674000015fd204,123,1,2,2,34,30,35,3,1,0.653,immed,delay,0
5ae2867208674000015fd204,123,1,2,2,34,32,35,59,2,0.768,delay,immed,0
5ae2867208674000015fd204,123,1,2,2,34,30,35,42,2,0.795,delay,immed,0
5ae2867208674000015fd204,123,1,2,2,34,15,30,158,1,0.753,immed,delay,0
5ae2867208674000015fd204,123,1,2,2,34,31,35,129,2,0.603,delay,immed,0
5ae2867208674000015fd204,123,1,2,2,34,13,35,27,2,0.701,delay,immed,0
5ae2867208674000015fd204,123,1,2,2,34,17,25,9,1,0.573,immed,delay,0
5bf604c93a46830001a6d26b,124,0,3,1,29,11,25,5,2,1.652,immed,delay,1
5bf604c93a46830001a6d26b,124,0,3,1,29,11,30,11,2,0.874,immed,delay,1
5bf604c93a46830001a6d26b,124,0,3,1,29,12,30,38,1,2.519,delay,immed,1
5bf604c93a46830001a6d26b,124,0,3,1,29,12,35,76,2,1.925,immed,delay,0
5bf604c93a46830001a6d26b,124,0,3,1,29,16,25,113,,,delay,immed,0
5bf604c93a46830001a6d26b,124,0,3,1,29,16,25,70,,,delay,immed,0
5bf604c93a46830001a6d26b,124,0,3,1,29,18,30,67,,,delay,immed,0
5bf604c93a46830001a6d26b,124,0,3,1,29,19,25,20,2,1.687,immed,delay,1
5bf604c93a46830001a6d26b,124,0,3,1,29,21,30,171,2,1.02,immed,delay,0
5bf604c93a46830001a6d26b,124,0,3,1,29,25,35,4,2,0.724,immed,delay,1
5bf604c93a46830001a6d26b,124,0,3,1,29,30,35,3,2,2.725,immed,delay,1
5bf604c93a46830001a6d26b,124,0,3,1,29,32,35,59,2,1.816,delay,immed,0
5bf604c93a46830001a6d26b,124,0,3,1,29,30,35,42,1,1.39,delay,immed,0
5bf604c93a46830001a6d26b,124,0,3,1,29,15,30,158,2,1.12,immed,delay,0
5bf604c93a46830001a6d26b,124,0,3,1,29,31,35,129,2,1.455,delay,immed,0
5bf604c93a46830001a6d26b,124,0,3,1,29,13,35,27,1,1.637,delay,immed,1
5bf604c93a46830001a6d26b,124,0,3,1,29,17,25,9,2,1.275,immed,delay,1
5bf604c93a46830001a6d26b,124,1,3,1,29,11,25,5,2,1.633,immed,delay,1
5bf604c93a46830001a6d26b,124,1,3,1,29,11,30,11,2,0.937,immed,delay,1
5bf604c93a46830001a6d26b,124,1,3,1,29,12,30,38,1,3.692,delay,immed,1
5bf604c93a46830001a6d26b,124,1,3,1,29,12,35,76,2,1.146,immed,delay,0
5bf604c93a46830001a6d26b,124,1,3,1,29,16,25,113,2,1.632,delay,immed,0
5bf604c93a46830001a6d26b,124,1,3,1,29,16,25,70,1,2.072,delay,immed,0
5bf604c93a46830001a6d26b,124,1,3,1,29,18,30,67,1,1.598,delay,immed,0
5bf604c93a46830001a6d26b,124,1,3,1,29,19,25,20,2,2.465,immed,delay,1
5bf604c93a46830001a6d26b,124,1,3,1,29,21,30,171,,,immed,delay,0
5bf604c93a46830001a6d26b,124,1,3,1,29,25,35,4,,,immed,delay,0
5bf604c93a46830001a6d26b,124,1,3,1,29,30,35,3,2,1.757,immed,delay,1
5bf604c93a46830001a6d26b,124,1,3,1,29,32,35,59,1,1.469,delay,immed,0
5bf604c93a46830001a6d26b,124,1,3,1,29,30,35,42,1,1.371,delay,immed,0
5bf604c93a46830001a6d26b,124,1,3,1,29,15,30,158,2,1.848,immed,delay,0
5bf604c93a46830001a6d26b,124,1,3,1,29,31,35,129,,,delay,immed,0
5bf604c93a46830001a6d26b,124,1,3,1,29,13,35,27,1,3.571,delay,immed,1
5bf604c93a46830001a6d26b,124,1,3,1,29,17,25,9,2,2.297,immed,delay,1
5c5c4179ee8ba60001336bb1,125,0,1,1,25,11,25,5,2,1.726,immed,delay,1
5c5c4179ee8ba60001336bb1,125,0,1,1,25,11,30,11,2,1.75,immed,delay,1
5c5c4179ee8ba60001336bb1,125,0,1,1,25,12,30,38,1,2.484,delay,immed,1
5c5c4179ee8ba60001336bb1,125,0,1,1,25,12,35,76,2,2.46,immed,delay,0
5c5c4179ee8ba60001336bb1,125,0,1,1,25,16,25,113,1,2.381,delay,immed,0
5c5c4179ee8ba60001336bb1,125,0,1,1,25,16,25,70,1,1.912,delay,immed,0
5c5c4179ee8ba60001336bb1,125,0,1,1,25,18,30,67,1,1.774,delay,immed,0
5c5c4179ee8ba60001336bb1,125,0,1,1,25,19,25,20,2,2.097,immed,delay,1
5c5c4179ee8ba60001336bb1,125,0,1,1,25,21,30,171,2,1.533,immed,delay,0
5c5c4179ee8ba60001336bb1,125,0,1,1,25,25,35,4,2,1.468,immed,delay,1
5c5c4179ee8ba60001336bb1,125,0,1,1,25,30,35,3,2,1.274,immed,delay,1
5c5c4179ee8ba60001336bb1,125,0,1,1,25,32,35,59,1,1.759,delay,immed,0
5c5c4179ee8ba60001336bb1,125,0,1,1,25,30,35,42,1,1.697,delay,immed,0
5c5c4179ee8ba60001336bb1,125,0,1,1,25,15,30,158,2,1.711,immed,delay,0
5c5c4179ee8ba60001336bb1,125,0,1,1,25,31,35,129,1,1.603,delay,immed,0
5c5c4179ee8ba60001336bb1,125,0,1,1,25,13,35,27,1,1.213,delay,immed,1
5c5c4179ee8ba60001336bb1,125,0,1,1,25,17,25,9,2,1.132,immed,delay,1
5c5c4179ee8ba60001336bb1,125,1,1,1,25,11,25,5,2,1.151,immed,delay,1
5c5c4179ee8ba60001336bb1,125,1,1,1,25,11,30,11,2,1.312,immed,delay,1
5c5c4179ee8ba60001336bb1,125,1,1,1,25,12,30,38,1,1.091,delay,immed,1
5c5c4179ee8ba60001336bb1,125,1,1,1,25,12,35,76,2,1.284,immed,delay,0
5c5c4179ee8ba60001336bb1,125,1,1,1,25,16,25,113,1,1.205,delay,immed,0
5c5c4179ee8ba60001336bb1,125,1,1,1,25,16,25,70,1,0.93,delay,immed,0
5c5c4179ee8ba60001336bb1,125,1,1,1,25,18,30,67,1,1.147,delay,immed,0
5c5c4179ee8ba60001336bb1,125,1,1,1,25,19,25,20,2,1.168,immed,delay,1
5c5c4179ee8ba60001336bb1,125,1,1,1,25,21,30,171,2,1.212,immed,delay,0
5c5c4179ee8ba60001336bb1,125,1,1,1,25,25,35,4,2,1.164,immed,delay,1
5c5c4179ee8ba60001336bb1,125,1,1,1,25,30,35,3,2,1.114,immed,delay,1
5c5c4179ee8ba60001336bb1,125,1,1,1,25,32,35,59,1,1.27,delay,immed,0
5c5c4179ee8ba60001336bb1,125,1,1,1,25,30,35,42,1,1.138,delay,immed,0
5c5c4179ee8ba60001336bb1,125,1,1,1,25,15,30,158,2,1.373,immed,delay,0
5c5c4179ee8ba60001336bb1,125,1,1,1,25,31,35,129,1,1.144,delay,immed,0
5c5c4179ee8ba60001336bb1,125,1,1,1,25,13,35,27,1,1.111,delay,immed,1
5c5c4179ee8ba60001336bb1,125,1,1,1,25,17,25,9,2,1.307,immed,delay,1
5b15d20c444cef0001cb1153,126,0,2,1,35,11,25,5,1,1.639,immed,delay,0
5b15d20c444cef0001cb1153,126,0,2,1,35,11,30,11,1,1.823,immed,delay,0
5b15d20c444cef0001cb1153,126,0,2,1,35,12,30,38,2,1.907,delay,immed,0
5b15d20c444cef0001cb1153,126,0,2,1,35,12,35,76,1,1.222,immed,delay,0
5b15d20c444cef0001cb1153,126,0,2,1,35,16,25,113,2,1.719,delay,immed,0
5b15d20c444cef0001cb1153,126,0,2,1,35,16,25,70,2,1.426,delay,immed,0
5b15d20c444cef0001cb1153,126,0,2,1,35,18,30,67,2,1.324,delay,immed,0
5b15d20c444cef0001cb1153,126,0,2,1,35,19,25,20,1,1.358,immed,delay,0
5b15d20c444cef0001cb1153,126,0,2,1,35,21,30,171,1,1.109,immed,delay,0
5b15d20c444cef0001cb1153,126,0,2,1,35,25,35,4,1,1.326,immed,delay,0
5b15d20c444cef0001cb1153,126,0,2,1,35,30,35,3,1,1.003,immed,delay,0
5b15d20c444cef0001cb1153,126,0,2,1,35,32,35,59,2,1.34,delay,immed,0
5b15d20c444cef0001cb1153,126,0,2,1,35,30,35,42,2,1.224,delay,immed,0
5b15d20c444cef0001cb1153,126,0,2,1,35,15,30,158,1,1.541,immed,delay,0
5b15d20c444cef0001cb1153,126,0,2,1,35,31,35,129,2,0.84,delay,immed,0
5b15d20c444cef0001cb1153,126,0,2,1,35,13,35,27,2,1.39,delay,immed,0
5b15d20c444cef0001cb1153,126,0,2,1,35,17,25,9,1,1.508,immed,delay,0
5b15d20c444cef0001cb1153,126,1,2,1,35,11,25,5,1,1.757,immed,delay,0
5b15d20c444cef0001cb1153,126,1,2,1,35,11,30,11,1,1.525,immed,delay,0
5b15d20c444cef0001cb1153,126,1,2,1,35,12,30,38,2,1.274,delay,immed,0
5b15d20c444cef0001cb1153,126,1,2,1,35,12,35,76,1,1.392,immed,delay,0
5b15d20c444cef0001cb1153,126,1,2,1,35,16,25,113,2,1.407,delay,immed,0
5b15d20c444cef0001cb1153,126,1,2,1,35,16,25,70,2,1.343,delay,immed,0
5b15d20c444cef0001cb1153,126,1,2,1,35,18,30,67,2,1.225,delay,immed,0
5b15d20c444cef0001cb1153,126,1,2,1,35,19,25,20,1,1.242,immed,delay,0
5b15d20c444cef0001cb1153,126,1,2,1,35,21,30,171,1,0.958,immed,delay,0
5b15d20c444cef0001cb1153,126,1,2,1,35,25,35,4,1,1.175,immed,delay,0
5b15d20c444cef0001cb1153,126,1,2,1,35,30,35,3,2,2.14,immed,delay,1
5b15d20c444cef0001cb1153,126,1,2,1,35,32,35,59,2,1.525,delay,immed,0
5b15d20c444cef0001cb1153,126,1,2,1,35,30,35,42,2,1.26,delay,immed,0
5b15d20c444cef0001cb1153,126,1,2,1,35,15,30,158,1,1.192,immed,delay,0
5b15d20c444cef0001cb1153,126,1,2,1,35,31,35,129,2,1.059,delay,immed,0
5b15d20c444cef0001cb1153,126,1,2,1,35,13,35,27,2,1.143,delay,immed,0
5b15d20c444cef0001cb1153,126,1,2,1,35,17,25,9,1,1.69,immed,delay,0
5c82a8cdfff8430015e9942f,127,0,1,1,32,11,25,5,2,1.614,immed,delay,1
5c82a8cdfff8430015e9942f,127,0,1,1,32,11,30,11,2,2.727,immed,delay,1
5c82a8cdfff8430015e9942f,127,0,1,1,32,12,30,38,1,4.485,delay,immed,1
5c82a8cdfff8430015e9942f,127,0,1,1,32,12,35,76,1,4.249,immed,delay,0
5c82a8cdfff8430015e9942f,127,0,1,1,32,16,25,113,2,1.673,delay,immed,0
5c82a8cdfff8430015e9942f,127,0,1,1,32,16,25,70,2,1.743,delay,immed,0
5c82a8cdfff8430015e9942f,127,0,1,1,32,18,30,67,,,delay,immed,0
5c82a8cdfff8430015e9942f,127,0,1,1,32,19,25,20,2,2.78,immed,delay,1
5c82a8cdfff8430015e9942f,127,0,1,1,32,21,30,171,1,1.928,immed,delay,0
5c82a8cdfff8430015e9942f,127,0,1,1,32,25,35,4,2,1.758,immed,delay,1
5c82a8cdfff8430015e9942f,127,0,1,1,32,30,35,3,2,1.643,immed,delay,1
5c82a8cdfff8430015e9942f,127,0,1,1,32,32,35,59,2,2.761,delay,immed,0
5c82a8cdfff8430015e9942f,127,0,1,1,32,30,35,42,2,2.363,delay,immed,0
5c82a8cdfff8430015e9942f,127,0,1,1,32,15,30,158,1,1.443,immed,delay,0
5c82a8cdfff8430015e9942f,127,0,1,1,32,31,35,129,2,1.543,delay,immed,0
5c82a8cdfff8430015e9942f,127,0,1,1,32,13,35,27,1,1.845,delay,immed,1
5c82a8cdfff8430015e9942f,127,0,1,1,32,17,25,9,2,2.076,immed,delay,1
5c82a8cdfff8430015e9942f,127,1,1,1,32,11,25,5,2,1.228,immed,delay,1
5c82a8cdfff8430015e9942f,127,1,1,1,32,11,30,11,2,1.325,immed,delay,1
5c82a8cdfff8430015e9942f,127,1,1,1,32,12,30,38,1,1.693,delay,immed,1
5c82a8cdfff8430015e9942f,127,1,1,1,32,12,35,76,1,2.996,immed,delay,0
5c82a8cdfff8430015e9942f,127,1,1,1,32,16,25,113,2,1.86,delay,immed,0
5c82a8cdfff8430015e9942f,127,1,1,1,32,16,25,70,2,3.212,delay,immed,0
5c82a8cdfff8430015e9942f,127,1,1,1,32,18,30,67,,,delay,immed,0
5c82a8cdfff8430015e9942f,127,1,1,1,32,19,25,20,2,1.359,immed,delay,1
5c82a8cdfff8430015e9942f,127,1,1,1,32,21,30,171,1,1.593,immed,delay,0
5c82a8cdfff8430015e9942f,127,1,1,1,32,25,35,4,2,2.498,immed,delay,1
5c82a8cdfff8430015e9942f,127,1,1,1,32,30,35,3,2,1.643,immed,delay,1
5c82a8cdfff8430015e9942f,127,1,1,1,32,32,35,59,2,3.232,delay,immed,0
5c82a8cdfff8430015e9942f,127,1,1,1,32,30,35,42,2,3.198,delay,immed,0
5c82a8cdfff8430015e9942f,127,1,1,1,32,15,30,158,1,1.91,immed,delay,0
5c82a8cdfff8430015e9942f,127,1,1,1,32,31,35,129,2,2.213,delay,immed,0
5c82a8cdfff8430015e9942f,127,1,1,1,32,13,35,27,1,2.863,delay,immed,1
5c82a8cdfff8430015e9942f,127,1,1,1,32,17,25,9,2,1.96,immed,delay,1
5d384f7d3e880c00016d9080,128,0,1,1,26,11,25,5,2,1.957,immed,delay,1
5d384f7d3e880c00016d9080,128,0,1,1,26,11,30,11,2,2.076,immed,delay,1
5d384f7d3e880c00016d9080,128,0,1,1,26,12,30,38,1,3.309,delay,immed,1
5d384f7d3e880c00016d9080,128,0,1,1,26,12,35,76,2,1.975,immed,delay,0
5d384f7d3e880c00016d9080,128,0,1,1,26,16,25,113,2,2.443,delay,immed,0
5d384f7d3e880c00016d9080,128,0,1,1,26,16,25,70,2,2.059,delay,immed,0
5d384f7d3e880c00016d9080,128,0,1,1,26,18,30,67,2,3.961,delay,immed,0
5d384f7d3e880c00016d9080,128,0,1,1,26,19,25,20,2,2.226,immed,delay,1
5d384f7d3e880c00016d9080,128,0,1,1,26,21,30,171,1,2.376,immed,delay,0
5d384f7d3e880c00016d9080,128,0,1,1,26,25,35,4,2,1.859,immed,delay,1
5d384f7d3e880c00016d9080,128,0,1,1,26,30,35,3,2,1.51,immed,delay,1
5d384f7d3e880c00016d9080,128,0,1,1,26,32,35,59,2,2.827,delay,immed,0
5d384f7d3e880c00016d9080,128,0,1,1,26,30,35,42,2,2.36,delay,immed,0
5d384f7d3e880c00016d9080,128,0,1,1,26,15,30,158,1,2.276,immed,delay,0
5d384f7d3e880c00016d9080,128,0,1,1,26,31,35,129,2,1.643,delay,immed,0
5d384f7d3e880c00016d9080,128,0,1,1,26,13,35,27,1,2.81,delay,immed,1
5d384f7d3e880c00016d9080,128,0,1,1,26,17,25,9,2,3.86,immed,delay,1
5d384f7d3e880c00016d9080,128,1,1,1,26,11,25,5,2,1.81,immed,delay,1
5d384f7d3e880c00016d9080,128,1,1,1,26,11,30,11,2,1.392,immed,delay,1
5d384f7d3e880c00016d9080,128,1,1,1,26,12,30,38,1,2.659,delay,immed,1
5d384f7d3e880c00016d9080,128,1,1,1,26,12,35,76,1,3.494,immed,delay,0
5d384f7d3e880c00016d9080,128,1,1,1,26,16,25,113,2,1.826,delay,immed,0
5d384f7d3e880c00016d9080,128,1,1,1,26,16,25,70,2,3.16,delay,immed,0
5d384f7d3e880c00016d9080,128,1,1,1,26,18,30,67,,,delay,immed,0
5d384f7d3e880c00016d9080,128,1,1,1,26,19,25,20,1,2.477,immed,delay,0
5d384f7d3e880c00016d9080,128,1,1,1,26,21,30,171,1,1.776,immed,delay,0
5d384f7d3e880c00016d9080,128,1,1,1,26,25,35,4,2,2.659,immed,delay,1
5d384f7d3e880c00016d9080,128,1,1,1,26,30,35,3,1,3.144,immed,delay,0
5d384f7d3e880c00016d9080,128,1,1,1,26,32,35,59,2,2.061,delay,immed,0
5d384f7d3e880c00016d9080,128,1,1,1,26,30,35,42,2,2.493,delay,immed,0
5d384f7d3e880c00016d9080,128,1,1,1,26,15,30,158,1,2.51,immed,delay,0
5d384f7d3e880c00016d9080,128,1,1,1,26,31,35,129,2,2.262,delay,immed,0
5d384f7d3e880c00016d9080,128,1,1,1,26,13,35,27,1,4.596,delay,immed,1
5d384f7d3e880c00016d9080,128,1,1,1,26,17,25,9,2,2.395,immed,delay,1
5c05ff644c14cf00019db0a9,129,0,2,2,29,11,25,5,2,1.807,immed,delay,1
5c05ff644c14cf00019db0a9,129,0,2,2,29,11,30,11,2,2.27,immed,delay,1
5c05ff644c14cf00019db0a9,129,0,2,2,29,12,30,38,2,2.404,delay,immed,0
5c05ff644c14cf00019db0a9,129,0,2,2,29,12,35,76,1,2.804,immed,delay,0
5c05ff644c14cf00019db0a9,129,0,2,2,29,16,25,113,2,2.587,delay,immed,0
5c05ff644c14cf00019db0a9,129,0,2,2,29,16,25,70,2,2.836,delay,immed,0
5c05ff644c14cf00019db0a9,129,0,2,2,29,18,30,67,2,1.87,delay,immed,0
5c05ff644c14cf00019db0a9,129,0,2,2,29,19,25,20,2,2.436,immed,delay,1
5c05ff644c14cf00019db0a9,129,0,2,2,29,21,30,171,1,2.276,immed,delay,0
5c05ff644c14cf00019db0a9,129,0,2,2,29,25,35,4,2,1.689,immed,delay,1
5c05ff644c14cf00019db0a9,129,0,2,2,29,30,35,3,2,1.923,immed,delay,1
5c05ff644c14cf00019db0a9,129,0,2,2,29,32,35,59,2,1.672,delay,immed,0
5c05ff644c14cf00019db0a9,129,0,2,2,29,30,35,42,2,1.339,delay,immed,0
5c05ff644c14cf00019db0a9,129,0,2,2,29,15,30,158,1,1.14,immed,delay,0
5c05ff644c14cf00019db0a9,129,0,2,2,29,31,35,129,2,1.255,delay,immed,0
5c05ff644c14cf00019db0a9,129,0,2,2,29,13,35,27,1,1.272,delay,immed,1
5c05ff644c14cf00019db0a9,129,0,2,2,29,17,25,9,2,0.521,immed,delay,1
5c05ff644c14cf00019db0a9,129,1,2,2,29,11,25,5,2,1.868,immed,delay,1
5c05ff644c14cf00019db0a9,129,1,2,2,29,11,30,11,2,1.87,immed,delay,1
5c05ff644c14cf00019db0a9,129,1,2,2,29,12,30,38,1,3.471,delay,immed,1
5c05ff644c14cf00019db0a9,129,1,2,2,29,12,35,76,1,1.655,immed,delay,0
5c05ff644c14cf00019db0a9,129,1,2,2,29,16,25,113,2,2.288,delay,immed,0
5c05ff644c14cf00019db0a9,129,1,2,2,29,16,25,70,2,2.054,delay,immed,0
5c05ff644c14cf00019db0a9,129,1,2,2,29,18,30,67,2,2.503,delay,immed,0
5c05ff644c14cf00019db0a9,129,1,2,2,29,19,25,20,2,3.005,immed,delay,1
5c05ff644c14cf00019db0a9,129,1,2,2,29,21,30,171,1,2.089,immed,delay,0
5c05ff644c14cf00019db0a9,129,1,2,2,29,25,35,4,2,2.151,immed,delay,1
5c05ff644c14cf00019db0a9,129,1,2,2,29,30,35,3,2,1.672,immed,delay,1
5c05ff644c14cf00019db0a9,129,1,2,2,29,32,35,59,2,1.537,delay,immed,0
5c05ff644c14cf00019db0a9,129,1,2,2,29,30,35,42,2,1.812,delay,immed,0
5c05ff644c14cf00019db0a9,129,1,2,2,29,15,30,158,1,1.655,immed,delay,0
5c05ff644c14cf00019db0a9,129,1,2,2,29,31,35,129,2,1.689,delay,immed,0
5c05ff644c14cf00019db0a9,129,1,2,2,29,13,35,27,2,2.106,delay,immed,0
5c05ff644c14cf00019db0a9,129,1,2,2,29,17,25,9,2,1.406,immed,delay,1
5da032d7b9e59e00176a4ee3,130,0,1,1,23,11,25,5,2,1.271,immed,delay,1
5da032d7b9e59e00176a4ee3,130,0,1,1,23,11,30,11,2,1.025,immed,delay,1
5da032d7b9e59e00176a4ee3,130,0,1,1,23,12,30,38,1,1.942,delay,immed,1
5da032d7b9e59e00176a4ee3,130,0,1,1,23,12,35,76,2,4.326,immed,delay,0
5da032d7b9e59e00176a4ee3,130,0,1,1,23,16,25,113,1,1.778,delay,immed,0
5da032d7b9e59e00176a4ee3,130,0,1,1,23,16,25,70,1,1.225,delay,immed,0
5da032d7b9e59e00176a4ee3,130,0,1,1,23,18,30,67,1,0.743,delay,immed,0
5da032d7b9e59e00176a4ee3,130,0,1,1,23,19,25,20,1,0.344,immed,delay,0
5da032d7b9e59e00176a4ee3,130,0,1,1,23,21,30,171,2,1.393,immed,delay,0
5da032d7b9e59e00176a4ee3,130,0,1,1,23,25,35,4,2,1.126,immed,delay,1
5da032d7b9e59e00176a4ee3,130,0,1,1,23,30,35,3,1,1.61,immed,delay,0
5da032d7b9e59e00176a4ee3,130,0,1,1,23,32,35,59,2,2.378,delay,immed,0
5da032d7b9e59e00176a4ee3,130,0,1,1,23,30,35,42,2,2.126,delay,immed,0
5da032d7b9e59e00176a4ee3,130,0,1,1,23,15,30,158,2,0.81,immed,delay,0
5da032d7b9e59e00176a4ee3,130,0,1,1,23,31,35,129,2,1.655,delay,immed,0
5da032d7b9e59e00176a4ee3,130,0,1,1,23,13,35,27,1,1.777,delay,immed,1
5da032d7b9e59e00176a4ee3,130,0,1,1,23,17,25,9,2,0.759,immed,delay,1
5da032d7b9e59e00176a4ee3,130,1,1,1,23,11,25,5,2,1.025,immed,delay,1
5da032d7b9e59e00176a4ee3,130,1,1,1,23,11,30,11,2,1.072,immed,delay,1
5da032d7b9e59e00176a4ee3,130,1,1,1,23,12,30,38,1,0.893,delay,immed,1
5da032d7b9e59e00176a4ee3,130,1,1,1,23,12,35,76,2,0.627,immed,delay,0
5da032d7b9e59e00176a4ee3,130,1,1,1,23,16,25,113,1,0.728,delay,immed,0
5da032d7b9e59e00176a4ee3,130,1,1,1,23,16,25,70,1,1.728,delay,immed,0
5da032d7b9e59e00176a4ee3,130,1,1,1,23,18,30,67,1,1.477,delay,immed,0
5da032d7b9e59e00176a4ee3,130,1,1,1,23,19,25,20,2,0.695,immed,delay,1
5da032d7b9e59e00176a4ee3,130,1,1,1,23,21,30,171,1,2.259,immed,delay,0
5da032d7b9e59e00176a4ee3,130,1,1,1,23,25,35,4,2,1.228,immed,delay,1
5da032d7b9e59e00176a4ee3,130,1,1,1,23,30,35,3,2,1.277,immed,delay,1
5da032d7b9e59e00176a4ee3,130,1,1,1,23,32,35,59,1,1.077,delay,immed,0
5da032d7b9e59e00176a4ee3,130,1,1,1,23,30,35,42,1,2.778,delay,immed,0
5da032d7b9e59e00176a4ee3,130,1,1,1,23,15,30,158,2,0.96,immed,delay,0
5da032d7b9e59e00176a4ee3,130,1,1,1,23,31,35,129,1,1.211,delay,immed,0
5da032d7b9e59e00176a4ee3,130,1,1,1,23,13,35,27,1,1.244,delay,immed,1
5da032d7b9e59e00176a4ee3,130,1,1,1,23,17,25,9,2,1.011,immed,delay,1